date,blower_id,site_id,operational_class,maintenance_event,maintenance_due_90d,RUL_days,degradation_index,health_score,actual_maintenance_due_90d,predicted_maintenance_due_90d
2025-02-13,ZG250_B021,Site_03,High Duty,0,1,148.7217668613169,0.2223316045919187,77.76683954080812,1,1
2025-11-04,ZG200_B011,Site_02,High Duty,0,0,172.54698975297714,0.1242341440322692,87.57658559677307,0,0
2025-12-14,ZG250_B022,Site_03,Medium Duty,0,1,83.54591550293343,0.5990611161433116,40.09388838566884,1,1
2025-01-28,ZG200_B013,Site_02,Low Duty,0,1,174.12415217909458,0.1349325407064436,86.50674592935563,1,0
2025-02-09,ZG200_B014,Site_02,Low Duty,0,0,166.08837089290986,0.1850173838816597,81.49826161183404,0,0
2025-05-26,ZG200_B012,Site_02,Medium Duty,0,0,157.21933467469978,0.2029391915910493,79.70608084089507,0,0
2025-06-15,ZG200_B013,Site_02,Low Duty,0,1,131.9951758779733,0.3442338124448105,65.57661875551895,1,1
2025-04-01,ZG150_B002,Site_01,High Duty,0,1,84.34848485815728,0.5207821057067464,47.92178942932536,1,1
2025-05-16,ZG200_B012,Site_02,Medium Duty,0,0,165.08994015293564,0.1630372852629842,83.69627147370157,0,0
2025-08-20,ZG200_B011,Site_02,High Duty,0,1,158.51153745187824,0.195471375791359,80.4528624208641,1,1
2025-06-29,ZG250_B024,Site_03,Low Duty,0,1,144.1080504173785,0.3264584773841323,67.35415226158676,1,1
2025-10-30,ZG200_B012,Site_02,Medium Duty,0,1,112.23729139021692,0.4309863580442093,56.90136419557908,1,1
2025-05-23,ZG150_B004,Site_01,Medium Duty,0,1,148.35751216079532,0.2364529263469763,76.35470736530236,1,1
2025-08-02,ZG150_B004,Site_01,Medium Duty,0,1,77.41882762726591,0.6015508859680931,39.844911403190686,1,1
2025-03-02,ZG250_B024,Site_03,Low Duty,0,1,155.4289912335923,0.2735459322993004,72.64540677006995,1,1
2025-07-03,ZG200_B014,Site_02,Low Duty,0,1,135.56609214401126,0.3347878130269339,66.52121869730661,1,1
2025-04-01,ZG150_B004,Site_01,Medium Duty,0,1,102.57993947424951,0.472054960613141,52.7945039386859,1,1
2025-08-09,ZG150_B003,Site_01,Medium Duty,0,1,120.79712797676976,0.2383403942333641,76.1659605766636,1,1
2025-08-17,ZG250_B021,Site_03,High Duty,0,1,154.7887376285207,0.1906073215828369,80.93926784171632,1,1
2025-11-02,ZG150_B003,Site_01,Medium Duty,0,0,122.8614005026656,0.2253245798294729,77.46754201705271,0,0
2025-09-11,ZG150_B003,Site_01,Medium Duty,0,1,90.53149466812444,0.4291736592309679,57.08263407690322,1,1
2025-12-25,ZG250_B024,Site_03,Low Duty,0,0,174.73719132469665,0.1833020184397459,81.66979815602541,0,0
2025-01-05,ZG150_B004,Site_01,Medium Duty,0,0,189.80608845211148,0.0231308055229405,97.68691944770596,0,0
2025-06-05,ZG150_B001,Site_01,High Duty,0,1,92.87506004074244,0.4416235895528542,55.83764104471458,1,1
2025-06-14,ZG250_B022,Site_03,Medium Duty,0,1,158.2047572494008,0.2407715157521263,75.92284842478738,1,1
2025-12-11,ZG150_B003,Site_01,Medium Duty,0,0,85.58337903907984,0.4603729092663711,53.96270907336289,0,0
2025-03-06,ZG250_B024,Site_03,Low Duty,0,1,151.7119311244399,0.2909189681451266,70.90810318548735,1,1
2025-09-20,ZG250_B022,Site_03,Medium Duty,0,0,171.58005405318636,0.1765831405397747,82.34168594602254,0,0
2025-01-08,ZG150_B004,Site_01,Medium Duty,0,0,186.89433655394612,0.038116630026644,96.18833699733558,0,0
2025-10-06,ZG200_B011,Site_02,High Duty,0,1,112.18212667237272,0.4306172693585587,56.93827306414412,1,1
2025-10-29,ZG250_B023,Site_03,Medium Duty,0,1,88.57782583126965,0.5564593425552056,44.35406574447944,1,1
2025-11-04,ZG150_B004,Site_01,Medium Duty,0,1,80.56550577872486,0.5853559736965102,41.464402630348985,1,1
2025-08-12,ZG200_B011,Site_02,High Duty,0,1,165.1824754306632,0.1616128905319983,83.83871094680016,1,1
2025-06-02,ZG150_B001,Site_01,High Duty,0,1,96.09660806985434,0.4222552421860858,57.77447578139142,1,1
2025-07-28,ZG250_B021,Site_03,High Duty,0,1,76.56445580345844,0.5996432886284144,40.03567113715856,1,1
2025-05-09,ZG200_B013,Site_02,Low Duty,0,1,164.90213207525812,0.1807485254560751,81.92514745439249,1,0
2025-02-04,ZG250_B023,Site_03,Medium Duty,0,1,165.20788326132805,0.1727454081298489,82.7254591870151,1,0
2025-10-22,ZG250_B024,Site_03,Low Duty,0,1,135.9655787303015,0.3645152879654035,63.548471203459655,1,1
2025-06-24,ZG150_B001,Site_01,High Duty,0,1,70.80712021284224,0.5742987880578243,42.57012119421757,1,1
2025-09-09,ZG150_B001,Site_01,High Duty,0,1,77.9750102620244,0.5312045417188569,46.87954582811431,1,1
2025-01-26,ZG250_B024,Site_03,Low Duty,0,0,189.78459924898732,0.1129724704693527,88.70275295306472,0,0
2025-04-21,ZG250_B021,Site_03,High Duty,0,1,74.27403214159776,0.611619949015894,38.8380050984106,1,1
2025-06-28,ZG150_B003,Site_01,Medium Duty,0,1,73.64609203917777,0.5356408354377374,46.43591645622626,1,1
2025-07-16,ZG250_B021,Site_03,High Duty,0,1,90.41321472106448,0.5272279162647252,47.27720837352748,1,1
2025-05-29,ZG200_B013,Site_02,Low Duty,0,1,148.0746617235968,0.2643492025664905,73.56507974335095,1,1
2025-10-02,ZG150_B004,Site_01,Medium Duty,0,1,118.7254331413008,0.3889594418045007,61.10405581954992,1,1
2025-05-24,ZG150_B004,Site_01,Medium Duty,0,1,147.62095314105005,0.2402437521427722,75.97562478572277,1,1
2025-10-12,ZG150_B001,Site_01,High Duty,0,1,125.8370079185876,0.2434522599267619,75.65477400732381,1,1
2025-03-26,ZG150_B002,Site_01,High Duty,0,1,91.18568928434996,0.4819371790494101,51.80628209505899,1,1
2025-04-13,ZG200_B014,Site_02,Low Duty,0,1,103.28335262514554,0.4931966851659482,50.68033148340518,1,1
2025-09-01,ZG150_B001,Site_01,High Duty,0,1,87.08669697553104,0.4764239481130504,52.35760518869497,1,1
2025-11-14,ZG250_B021,Site_03,High Duty,0,0,157.8335872050111,0.1746857565397296,82.53142434602702,0,0
2025-10-26,ZG250_B024,Site_03,Low Duty,0,1,131.70953881902346,0.3844074424554097,61.559255754459016,1,1
2025-09-02,ZG200_B014,Site_02,Low Duty,0,1,70.35729532666971,0.6547622672191088,34.52377327808912,1,1
2025-09-03,ZG250_B023,Site_03,Medium Duty,0,1,148.3512702031158,0.2571524611136736,74.28475388863264,1,1
2025-07-26,ZG250_B022,Site_03,Medium Duty,0,1,119.66680349643867,0.4257160946799946,57.42839053200053,1,1
2025-07-31,ZG250_B023,Site_03,Medium Duty,0,1,83.54546681189917,0.5816581528330919,41.834184716690814,1,1
2025-06-02,ZG250_B024,Site_03,Low Duty,0,1,167.39683860532625,0.2176098335328161,78.23901664671838,1,1
2025-09-25,ZG250_B023,Site_03,Medium Duty,0,1,127.19289814953392,0.3630999503756456,63.690004962435445,1,1
2025-03-08,ZG250_B023,Site_03,Medium Duty,0,1,131.91171599656758,0.3394711521906187,66.05288478093814,1,1
2025-01-16,ZG150_B004,Site_01,Medium Duty,0,0,179.1546447547972,0.0779502652645513,92.20497347354488,0,0
2025-04-29,ZG250_B021,Site_03,High Duty,0,0,162.84732470613466,0.1484688464008667,85.15311535991333,0,0
2025-08-16,ZG200_B014,Site_02,Low Duty,0,1,91.13414354538554,0.5528119017302415,44.71880982697585,1,1
2025-10-10,ZG250_B024,Site_03,Low Duty,0,1,148.32818978626295,0.3067341171701327,69.32658828298672,1,1
2025-11-25,ZG200_B011,Site_02,High Duty,0,0,153.86539790514962,0.2190529542524582,78.09470457475418,0,0
2025-02-13,ZG150_B004,Site_01,Medium Duty,0,1,152.5644293463306,0.2148013142423287,78.51986857576712,1,1
2025-02-13,ZG150_B001,Site_01,High Duty,0,1,123.0679847649964,0.2600999714681489,73.9900028531851,1,1
2025-09-22,ZG250_B024,Site_03,Low Duty,0,1,165.52936411780965,0.226338156524663,77.3661843475337,1,1
2025-05-21,ZG200_B012,Site_02,Medium Duty,0,0,161.03016423485764,0.1836192848110535,81.63807151889463,0,0
2025-10-09,ZG250_B024,Site_03,Low Duty,0,1,149.22491862854713,0.3025429279336096,69.74570720663904,1,1
2025-12-11,ZG250_B023,Site_03,Medium Duty,0,0,143.09912618922982,0.2834518129780016,71.65481870219983,0,0
2025-09-17,ZG200_B012,Site_02,Medium Duty,0,1,153.9804318698662,0.2193595796643115,78.06404203356885,1,0
2025-04-06,ZG250_B022,Site_03,Medium Duty,0,1,116.45487170056452,0.4411302336179585,55.88697663820415,1,1
2025-05-23,ZG250_B023,Site_03,Medium Duty,0,1,152.77186762947065,0.2350169585724492,76.49830414275507,1,1
2025-07-09,ZG250_B023,Site_03,Medium Duty,0,1,109.15528909638276,0.4534206700714156,54.657932992858434,1,1
2025-10-11,ZG150_B004,Site_01,Medium Duty,0,1,109.2152830114297,0.4379050408234016,56.20949591765984,1,1
2025-09-25,ZG150_B002,Site_01,High Duty,0,1,97.40909890064624,0.4465794692261558,55.34205307738442,1,1
2025-08-13,ZG200_B013,Site_02,Low Duty,0,1,168.62875855808295,0.1622342454846352,83.77657545153647,1,0
2025-04-27,ZG200_B011,Site_02,High Duty,0,0,171.55559297798789,0.1292659991025611,87.07340008974388,0,0
2025-01-28,ZG250_B023,Site_03,Medium Duty,0,1,172.6459251322675,0.1355004887543978,86.44995112456022,1,0
2025-09-08,ZG250_B024,Site_03,Low Duty,0,0,177.94384785965917,0.168314539816523,83.16854601834768,0,0
2025-06-28,ZG250_B024,Site_03,Low Duty,0,1,145.16107244652284,0.3215367949465189,67.84632050534812,1,1
2025-01-02,ZG200_B014,Site_02,Low Duty,0,0,201.9444719761706,0.0090743066659691,99.09256933340308,0,0
2025-07-29,ZG150_B004,Site_01,Medium Duty,0,1,81.61832106559558,0.5799374814363,42.00625185637,1,1
2025-11-20,ZG250_B024,Site_03,Low Duty,0,1,104.83801298086846,0.5100013171599969,48.99986828400032,1,1
2025-02-17,ZG250_B022,Site_03,Medium Duty,0,1,164.3923047438788,0.211077324584167,78.8922675415833,1,1
2025-03-21,ZG250_B024,Site_03,Low Duty,0,1,135.543246012118,0.3664892139274294,63.35107860725706,1,1
2025-03-08,ZG250_B021,Site_03,High Duty,0,1,125.34470415940903,0.3445706232938635,65.54293767061365,1,1
2025-05-08,ZG200_B014,Site_02,Low Duty,0,1,73.79238369775567,0.6379065578626096,36.20934421373904,1,1
2025-12-12,ZG250_B022,Site_03,Medium Duty,0,1,86.35975704903042,0.5855574220123628,41.44425779876372,1,1
2025-12-09,ZG250_B024,Site_03,Low Duty,0,1,81.67921905687696,0.6182423854163145,38.17576145836855,1,1
2025-08-27,ZG200_B014,Site_02,Low Duty,0,1,78.15795693099001,0.6164850322292975,38.351496777070246,1,1
2025-06-24,ZG200_B011,Site_02,High Duty,0,1,120.6040476825134,0.3878716330950829,61.21283669049171,1,1
2025-07-03,ZG150_B003,Site_01,Medium Duty,0,1,67.60061596230364,0.573759249364508,42.624075063549206,1,1
2025-03-03,ZG200_B013,Site_02,Low Duty,0,1,138.87742590478146,0.3100420563305274,68.99579436694727,1,1
2025-12-22,ZG250_B024,Site_03,Low Duty,0,0,177.48282026574967,0.1704693203903382,82.95306796096618,0,0
2025-03-06,ZG250_B022,Site_03,Medium Duty,0,1,147.8816769563878,0.2903122295707244,70.96877704292757,1,1
2025-06-22,ZG150_B004,Site_01,Medium Duty,0,1,120.48522630492856,0.3799023681130369,62.00976318869631,1,1
2025-08-05,ZG150_B002,Site_01,High Duty,0,1,146.3382892517896,0.1685929279269364,83.14070720730635,1,1
2025-01-22,ZG150_B003,Site_01,Medium Duty,0,1,139.82991692040085,0.1183333479877494,88.16666520122506,1,0
2025-09-20,ZG200_B013,Site_02,Low Duty,0,1,133.40598658677752,0.3372247535627658,66.27752464372342,1,1
2025-10-03,ZG250_B024,Site_03,Low Duty,0,1,155.49491643722286,0.2732378068205123,72.67621931794876,1,1
2025-01-19,ZG200_B011,Site_02,High Duty,0,0,178.65245111976716,0.0932457471461826,90.67542528538172,0,0
2025-05-11,ZG200_B014,Site_02,Low Duty,0,1,70.12528262263054,0.6559007353700936,34.40992646299064,1,1
2025-01-09,ZG250_B024,Site_03,Low Duty,0,0,204.95082552208467,0.0420875816187099,95.791241838129,0,0
2025-12-19,ZG150_B001,Site_01,High Duty,0,0,133.00888551033657,0.2003340399860116,79.96659600139884,0,0
2025-04-12,ZG200_B014,Site_02,Low Duty,0,1,104.45427741683996,0.4874510490032077,51.25489509967922,1,1
2025-06-10,ZG250_B023,Site_03,Medium Duty,0,1,137.4684412659119,0.3116466537218945,68.83533462781055,1,1
2025-03-09,ZG250_B021,Site_03,High Duty,0,1,124.40734595035198,0.3494720837172038,65.05279162827962,1,1
2025-08-24,ZG250_B024,Site_03,Low Duty,0,1,84.28429577380152,0.6060666094387296,39.39333905612704,1,1
2025-03-04,ZG250_B024,Site_03,Low Duty,0,1,153.5524067552632,0.282316834155167,71.7683165844833,1,1
2025-12-02,ZG250_B024,Site_03,Low Duty,0,1,90.25496369227608,0.5781605157181104,42.18394842818896,1,1
2025-02-03,ZG250_B022,Site_03,Medium Duty,0,0,177.35351338113423,0.1488761685710715,85.11238314289284,0,0
2025-01-09,ZG250_B021,Site_03,High Duty,0,0,183.0726083864556,0.0427105284472122,95.72894715527876,0,0
2025-11-20,ZG200_B013,Site_02,Low Duty,0,0,165.4697936154828,0.1779283220541039,82.20716779458961,0,0
2025-04-26,ZG250_B021,Site_03,High Duty,0,0,165.1359707939191,0.1365014809754411,86.34985190245588,0,0
2025-11-19,ZG200_B011,Site_02,High Duty,0,0,159.62317913391695,0.1898292151799583,81.01707848200417,0,0
2025-08-28,ZG200_B011,Site_02,High Duty,0,1,151.26384660622003,0.2322571822915147,76.77428177084853,1,1
2025-08-04,ZG250_B023,Site_03,Medium Duty,0,0,174.95501346729765,0.1239380627340491,87.60619372659508,0,0
2025-06-22,ZG150_B002,Site_01,High Duty,0,1,98.72823046485362,0.4390849487074023,56.09150512925978,1,1
2025-06-06,ZG250_B022,Site_03,Medium Duty,0,0,164.55036781748544,0.2103187760431726,78.96812239568274,0,0
2025-12-02,ZG250_B022,Site_03,Medium Duty,0,1,99.33120305818808,0.5233071366021042,47.66928633978959,1,1
2025-06-25,ZG200_B012,Site_02,Medium Duty,0,1,131.8201294768221,0.3317065030025448,66.82934969974552,1,1
2025-07-31,ZG200_B012,Site_02,Medium Duty,0,1,97.41943452033324,0.5061090075582465,49.38909924417535,1,1
2025-08-23,ZG250_B024,Site_03,Low Duty,0,1,85.62122625922282,0.5998179773035075,40.01820226964925,1,1
2025-10-13,ZG250_B021,Site_03,High Duty,0,1,96.75246365544513,0.4940798865517024,50.59201134482976,1,1
2025-08-02,ZG250_B024,Site_03,Low Duty,0,1,110.75718807550317,0.4823358939284478,51.76641060715522,1,1
2025-03-22,ZG250_B022,Site_03,Medium Duty,0,1,132.19323678382926,0.3656014361629628,63.43985638370372,1,1
2025-09-20,ZG150_B002,Site_01,High Duty,0,1,103.16415636584294,0.4138826576041564,58.611734239584365,1,1
2025-03-19,ZG250_B021,Site_03,High Duty,0,1,113.6407690149984,0.4057706793166075,59.42293206833925,1,1
2025-11-10,ZG150_B004,Site_01,Medium Duty,0,1,73.42789352784987,0.6220909045244062,37.79090954755938,1,1
2025-01-10,ZG150_B001,Site_01,High Duty,0,1,156.5902444407077,0.0585599776356869,94.1440022364313,1,0
2025-09-06,ZG200_B014,Site_02,Low Duty,0,0,174.80833646373642,0.1422291963934683,85.77708036065317,0,0
2025-04-04,ZG200_B012,Site_02,Medium Duty,0,1,105.69796184155778,0.4641390444316142,53.58609555683857,1,1
2025-01-31,ZG250_B024,Site_03,Low Duty,0,0,184.92298910179025,0.1356949782780702,86.43050217219297,0,0
2025-10-28,ZG200_B013,Site_02,Low Duty,0,1,90.88168183389628,0.5484900594403985,45.15099405596015,1,1
2025-10-19,ZG250_B023,Site_03,Medium Duty,0,1,100.53899371190052,0.4965655235796927,50.34344764203074,1,1
2025-07-28,ZG150_B001,Site_01,High Duty,0,1,122.20902764264076,0.265264128503402,73.47358714965979,1,1
2025-06-07,ZG200_B011,Site_02,High Duty,0,1,136.9816035145924,0.3047470058705011,69.52529941294989,1,1
2025-05-14,ZG150_B001,Site_01,High Duty,0,1,114.60407544242511,0.3109860468452658,68.90139531547341,1,1
2025-11-11,ZG200_B013,Site_02,Low Duty,0,0,172.8958422402725,0.1410349161937279,85.89650838062721,0,0
2025-07-20,ZG150_B001,Site_01,High Duty,0,1,128.49678930503714,0.2274613234741951,77.25386765258048,1,1
2025-07-20,ZG150_B004,Site_01,Medium Duty,0,1,91.88892902986596,0.5270780573226324,47.29219426773676,1,1
2025-03-25,ZG200_B012,Site_02,Medium Duty,0,1,116.940653980269,0.4071415427991628,59.28584572008371,1,1
2025-09-28,ZG200_B011,Site_02,High Duty,0,1,120.7319760746458,0.3872223298647061,61.277767013529385,1,1
2025-03-06,ZG150_B002,Site_01,High Duty,0,1,113.2789464991128,0.3564164394849463,64.35835605150537,1,1
2025-04-18,ZG200_B013,Site_02,Low Duty,0,1,88.06300084197248,0.5624935688543861,43.75064311456139,1,1
2025-01-06,ZG150_B003,Site_01,Medium Duty,0,0,153.17653541393392,0.034179193411682,96.5820806588318,0,0
2025-08-04,ZG150_B002,Site_01,High Duty,0,1,147.12352415330196,0.1641316905180949,83.58683094819051,1,1
2025-11-15,ZG250_B024,Site_03,Low Duty,0,1,110.55859698325123,0.4832640818143147,51.67359181856853,1,1
2025-04-04,ZG200_B014,Site_02,Low Duty,0,1,113.13591927411638,0.4448509129731682,55.51490870268317,1,1
2025-12-22,ZG250_B022,Site_03,Medium Duty,0,1,73.97012026322683,0.6450155907856219,35.49844092143781,1,1
2025-05-29,ZG200_B012,Site_02,Medium Duty,0,0,155.0118689059288,0.2141304643046263,78.58695356953737,0,1
2025-11-08,ZG200_B014,Site_02,Low Duty,0,1,117.0327888311382,0.4257292795368255,57.42707204631745,1,1
2025-10-07,ZG250_B021,Site_03,High Duty,0,1,103.99578660927672,0.456204439952272,54.3795560047728,1,1
2025-12-25,ZG150_B001,Site_01,High Duty,0,0,127.46444015597676,0.2336679349361703,76.63320650638296,0,0
2025-11-25,ZG150_B003,Site_01,Medium Duty,0,0,102.26951436784202,0.3551621690017696,64.48378309982303,0,0
2025-03-13,ZG200_B014,Site_02,Low Duty,0,1,135.41800708943123,0.3355144547812052,66.44855452187947,1,1
2025-04-10,ZG250_B024,Site_03,Low Duty,0,1,114.06846773503486,0.4668594209817361,53.3140579018264,1,1
2025-04-15,ZG150_B004,Site_01,Medium Duty,0,1,85.88198720693917,0.5579938012151869,44.200619878481305,1,1
2025-07-17,ZG250_B021,Site_03,High Duty,0,1,89.2827921686625,0.5331389130946601,46.68610869053399,1,1
2025-07-18,ZG150_B003,Site_01,Medium Duty,0,1,50.54684530072552,0.681288033007693,31.871196699230698,1,1
2025-02-13,ZG250_B022,Site_03,Medium Duty,0,0,168.08773033088224,0.1933428871636258,80.66571128363742,0,1
2025-07-27,ZG200_B014,Site_02,Low Duty,0,1,112.3958141479267,0.4484825508097123,55.151744919028765,1,1
2025-12-03,ZG200_B011,Site_02,High Duty,0,0,146.32076569620494,0.2573458928536323,74.26541071463677,0,0
2025-07-18,ZG200_B011,Site_02,High Duty,0,1,94.98990269954238,0.5178767617734065,48.21232382265935,1,1
2025-10-05,ZG200_B011,Site_02,High Duty,0,1,113.37426172162937,0.4245665629780184,57.54334370219816,1,1
2025-07-20,ZG250_B022,Site_03,Medium Duty,0,1,125.86435834230792,0.3959738779889086,60.40261220110914,1,1
2025-08-19,ZG250_B021,Site_03,High Duty,0,1,153.18941614748252,0.1989701980880656,80.10298019119342,1,1
2025-12-31,ZG150_B002,Site_01,High Duty,0,0,86.02116577670053,0.5112789281575971,48.872107184240285,0,1
2025-08-11,ZG200_B011,Site_02,High Duty,0,1,165.99306254886727,0.1574987386570413,84.25012613429587,1,1
2025-10-27,ZG150_B001,Site_01,High Duty,0,1,110.82122184015904,0.3337290331190167,66.62709668809832,1,1
2025-11-13,ZG200_B014,Site_02,Low Duty,0,1,112.17078384457658,0.4495867568678742,55.04132431321258,1,1
2025-12-12,ZG250_B023,Site_03,Medium Duty,0,0,142.11974788713252,0.2883559082402502,71.16440917597498,0,0
2025-07-06,ZG250_B022,Site_03,Medium Duty,0,1,138.71769484259923,0.3342904029891009,66.5709597010899,1,1
2025-09-20,ZG200_B012,Site_02,Medium Duty,0,1,151.68394220414285,0.2310021801959293,76.89978198040707,1,0
2025-11-30,ZG200_B011,Site_02,High Duty,0,0,148.77632542132412,0.2448826481014197,75.51173518985803,0,0
2025-03-30,ZG250_B024,Site_03,Low Duty,0,1,125.98330114593968,0.4111711022927236,58.88288977072765,1,1
2025-01-18,ZG150_B001,Site_01,High Duty,0,1,148.83775328808767,0.1051689185066189,89.4831081493381,1,0
2025-12-22,ZG200_B014,Site_02,Low Duty,0,0,175.6584787805687,0.1380576146883795,86.19423853116204,0,0
2025-09-03,ZG200_B011,Site_02,High Duty,0,1,145.61852117057143,0.2609101496336002,73.90898503663999,1,1
2025-10-28,ZG150_B002,Site_01,High Duty,0,0,149.45163905690163,0.1509047271215156,84.90952728784845,0,0
2025-01-23,ZG150_B001,Site_01,High Duty,0,1,144.08248578268618,0.1337581780905937,86.62418219094063,1,1
2025-05-27,ZG250_B021,Site_03,High Duty,0,1,139.84965997290644,0.2687239873171251,73.12760126828748,1,1
2025-08-10,ZG250_B021,Site_03,High Duty,0,1,160.872401243571,0.1587957514168474,84.12042485831526,1,1
2025-03-02,ZG150_B001,Site_01,High Duty,0,1,106.83912340925112,0.3576699040796617,64.23300959203382,1,1
2025-10-03,ZG200_B013,Site_02,Low Duty,0,1,119.92443905246068,0.4042025273345596,59.57974726654405,1,1
2025-02-09,ZG250_B024,Site_03,Low Duty,0,1,175.72244666251896,0.1786970683451451,82.1302931654855,1,0
2025-11-21,ZG200_B014,Site_02,Low Duty,0,1,103.09914932179277,0.4941005563355973,50.58994436644026,1,1
2025-01-14,ZG200_B014,Site_02,Low Duty,0,0,190.6154807898349,0.0646647783250273,93.53352216749728,0,0
2025-07-26,ZG250_B023,Site_03,Medium Duty,0,1,89.11426314378802,0.5537732102637498,44.62267897362502,1,1
2025-02-14,ZG150_B002,Site_01,High Duty,0,1,133.02770385606703,0.2442157528760183,75.57842471239816,1,1
2025-09-21,ZG250_B024,Site_03,Low Duty,0,1,166.48039802067535,0.2218931527851754,77.81068472148245,1,0
2025-09-23,ZG200_B014,Site_02,Low Duty,0,1,160.72950510041736,0.2113129182379368,78.86870817620631,1,0
2025-06-16,ZG150_B003,Site_01,Medium Duty,0,1,86.64544974677898,0.4536762570357155,54.632374296428445,1,1
2025-07-18,ZG200_B012,Site_02,Medium Duty,0,1,110.33000451225206,0.4406558024796784,55.93441975203215,1,1
2025-10-26,ZG150_B002,Site_01,High Duty,0,0,151.31060079548524,0.1403432128105728,85.96567871894271,0,0
2025-06-04,ZG250_B024,Site_03,Low Duty,0,1,165.5099224716697,0.2264290241472928,77.35709758527072,1,1
2025-11-18,ZG250_B024,Site_03,Low Duty,0,1,107.4911758346547,0.4976007930871825,50.23992069128175,1,1
2025-07-10,ZG250_B021,Site_03,High Duty,0,1,96.81879772349346,0.4937330246944993,50.62669753055007,1,1
2025-03-31,ZG150_B002,Site_01,High Duty,0,1,85.53967358889875,0.51401448022762,48.598551977238,1,1
2025-01-24,ZG250_B023,Site_03,Medium Duty,0,0,176.67790714069764,0.1153109217375772,88.46890782624229,0,0
2025-06-26,ZG150_B001,Site_01,High Duty,0,1,68.2315550137359,0.589783406319376,41.0216593680624,1,1
2025-05-03,ZG250_B021,Site_03,High Duty,0,0,159.69110602924803,0.1649727621746771,83.50272378253229,0,0
2025-06-09,ZG200_B014,Site_02,Low Duty,0,1,156.00420689238163,0.2344995861233562,76.55004138766436,1,1
2025-11-17,ZG150_B004,Site_01,Medium Duty,0,0,164.76813656938972,0.1519928672539096,84.80071327460904,0,0
2025-01-23,ZG200_B011,Site_02,High Duty,0,0,175.19293179327218,0.1108046098568114,88.91953901431886,0,1
2025-08-11,ZG200_B012,Site_02,Medium Duty,0,1,85.20399113353064,0.5680381029910965,43.19618970089035,1,1
2025-02-05,ZG250_B024,Site_03,Low Duty,0,0,179.588699447596,0.1606267261252868,83.93732738747131,0,0
2025-02-14,ZG150_B001,Site_01,High Duty,0,1,122.21658730556118,0.2652186788698423,73.47813211301577,1,1
2025-04-14,ZG150_B004,Site_01,Medium Duty,0,1,86.9019840819594,0.5527442144722331,44.72557855277669,1,1
2025-03-22,ZG200_B014,Site_02,Low Duty,0,1,126.5114158904006,0.3792183995972021,62.07816004027978,1,1
2025-06-03,ZG150_B004,Site_01,Medium Duty,0,1,138.49677831346477,0.2872028638697909,71.27971361302092,1,1
2025-08-05,ZG150_B003,Site_01,Medium Duty,0,1,124.27039677090404,0.2164404651144316,78.35595348855684,1,1
2025-07-09,ZG150_B003,Site_01,Medium Duty,0,1,60.981075197459816,0.6154973013675051,38.45026986324949,1,1
2025-05-09,ZG250_B023,Site_03,Medium Duty,0,1,164.21763193508266,0.1777039484886416,82.22960515113583,1,0
2025-10-17,ZG150_B003,Site_01,Medium Duty,1,1,136.22256478572368,0.1410787099907934,85.89212900092066,1,1
2025-12-04,ZG250_B021,Site_03,High Duty,0,0,140.3782423386236,0.2659600220357579,73.4039977964242,0,0
2025-02-21,ZG150_B002,Site_01,High Duty,0,1,126.27130263408397,0.2826016038138728,71.73983961861272,1,1
2025-10-12,ZG200_B011,Site_02,High Duty,0,1,105.42819270989592,0.4648970024693241,53.51029975306758,1,1
2025-08-12,ZG150_B004,Site_01,Medium Duty,0,0,165.61299342336494,0.1476446683045413,85.23553316954587,0,0
2025-01-02,ZG150_B003,Site_01,Medium Duty,0,0,156.87748501975852,0.0108436732304683,98.91563267695317,0,0
2025-12-06,ZG200_B014,Site_02,Low Duty,0,1,85.45728794564789,0.580667787143094,41.9332212856906,1,1
2025-09-15,ZG200_B012,Site_02,Medium Duty,0,1,155.74781923182582,0.2103993890973558,78.96006109026442,1,0
2025-05-01,ZG250_B023,Site_03,Medium Duty,0,0,170.29731609663958,0.1472608089696119,85.2739191030388,0,0
2025-05-10,ZG200_B012,Site_02,Medium Duty,0,0,169.80119656833392,0.1391524503929667,86.08475496070332,0,0
2025-10-16,ZG150_B004,Site_01,Medium Duty,0,1,103.74864184962956,0.4660400358163056,53.39599641836944,1,1
2025-10-23,ZG150_B003,Site_01,Medium Duty,0,0,131.61504724431057,0.1701303940244605,82.98696059755395,0,0
2025-02-16,ZG200_B013,Site_02,Low Duty,0,1,155.40882917354344,0.2279122722351186,77.20877277648813,1,1
2025-08-03,ZG250_B022,Site_03,Medium Duty,0,1,111.7886876506948,0.4635233645515582,53.64766354484418,1,1
2025-10-20,ZG150_B001,Site_01,High Duty,0,1,118.1655898472449,0.289573779351208,71.0426220648792,1,1
2025-06-27,ZG150_B002,Site_01,High Duty,0,1,93.1367808173839,0.4708522380738106,52.91477619261894,1,1
2025-03-31,ZG200_B011,Site_02,High Duty,0,1,107.7807873001478,0.4529563594130378,54.70436405869621,1,1
2025-07-29,ZG150_B002,Site_01,High Duty,0,1,151.1977424857249,0.1409844065634636,85.90155934365364,1,0
2025-04-05,ZG150_B002,Site_01,High Duty,0,1,79.54607453011366,0.5480665432257764,45.19334567742236,1,1
2025-08-01,ZG200_B012,Site_02,Medium Duty,0,1,96.46871878298089,0.5109288870962759,48.907111290372406,1,1
2025-12-01,ZG150_B001,Site_01,High Duty,0,1,70.04773609124729,0.5788642998300992,42.11357001699008,1,1
2025-03-21,ZG150_B003,Site_01,Medium Duty,0,1,80.93098973390475,0.4897075222940419,51.02924777059581,1,1
2025-11-28,ZG150_B002,Site_01,High Duty,0,0,121.80876233048616,0.307955102114229,69.20448978857709,0,0
2025-01-10,ZG250_B022,Site_03,Medium Duty,0,0,199.2988130613845,0.0435601407708715,95.64398592291283,0,0
2025-10-15,ZG150_B004,Site_01,Medium Duty,0,1,104.88651980461432,0.4601837541218456,53.98162458781543,1,1
2025-01-07,ZG150_B004,Site_01,Medium Duty,0,0,187.8702979766128,0.0330936792004827,96.69063207995173,0,0
2025-06-16,ZG150_B002,Site_01,High Duty,0,1,104.87663152484308,0.4041533928627022,59.58466071372979,1,1
2025-04-25,ZG250_B021,Site_03,High Duty,0,0,166.01378638313165,0.1319113698226892,86.80886301773107,0,0
2025-09-10,ZG250_B024,Site_03,Low Duty,0,0,176.2645279088769,0.1761634539704036,82.38365460295964,0,0
2025-12-30,ZG250_B021,Site_03,High Duty,0,0,114.30648717817876,0.402289628851162,59.77103711488381,0,0
2025-06-27,ZG250_B023,Site_03,Medium Duty,0,1,121.57833402614315,0.3912140685444343,60.87859314555657,1,1
2025-06-20,ZG150_B002,Site_01,High Duty,0,1,100.8162220408214,0.4272222231585085,57.27777768414914,1,1
2025-03-15,ZG250_B022,Site_03,Medium Duty,0,1,138.98553852751104,0.3330050146199612,66.69949853800388,1,1
2025-09-15,ZG200_B014,Site_02,Low Duty,0,0,167.3852665032505,0.1786536187868156,82.13463812131843,0,0
2025-04-20,ZG250_B024,Site_03,Low Duty,0,1,102.12695488642632,0.5226724357515119,47.73275642484881,1,1
2025-10-19,ZG150_B001,Site_01,High Duty,0,1,119.0914579423536,0.2840073452270467,71.59926547729533,1,1
2025-07-15,ZG200_B012,Site_02,Medium Duty,0,1,113.399425118382,0.4250946447204813,57.49053552795187,1,1
2025-03-07,ZG200_B012,Site_02,Medium Duty,0,1,134.62602367029885,0.3174813550664465,68.25186449335536,1,1
2025-10-28,ZG150_B003,Site_01,Medium Duty,0,0,127.20858992527089,0.1979143372411627,80.20856627588373,0,0
2025-04-02,ZG150_B004,Site_01,Medium Duty,0,1,101.4479143523911,0.4778811197102273,52.21188802897727,1,1
2025-03-27,ZG200_B011,Site_02,High Duty,0,1,112.09447259392398,0.4310621594673439,56.89378405326562,1,1
2025-06-09,ZG150_B004,Site_01,Medium Duty,0,1,133.15752742219192,0.3146822232507445,68.53177767492555,1,1
2025-05-06,ZG150_B003,Site_01,Medium Duty,0,1,123.4065878264792,0.2218870215937781,77.81129784062219,1,1
2025-03-08,ZG150_B004,Site_01,Medium Duty,0,1,129.68122826700468,0.332573585868155,66.74264141318449,1,1
2025-06-29,ZG150_B003,Site_01,Medium Duty,0,1,72.52343853107139,0.5427194791333166,45.728052086668335,1,1
2025-07-24,ZG250_B024,Site_03,Low Duty,0,1,120.02801473393475,0.4390053049339917,56.099469506600826,1,1
2025-09-12,ZG250_B024,Site_03,Low Duty,0,1,174.54501281097396,0.1842002348015101,81.57997651984898,1,0
2025-01-19,ZG150_B001,Site_01,High Duty,0,1,147.99754560152448,0.1102203516023009,88.97796483976991,1,0
2025-10-06,ZG150_B001,Site_01,High Duty,0,1,131.4123794632891,0.209932432874441,79.0067567125559,1,1
2025-08-28,ZG250_B022,Site_03,Medium Duty,0,1,82.64624715458255,0.6033786464649026,39.66213535350974,1,1
2025-10-11,ZG250_B023,Site_03,Medium Duty,0,1,110.54446481753924,0.4464645734762949,55.353542652370514,1,1
2025-09-20,ZG150_B004,Site_01,Medium Duty,0,1,130.98485625724092,0.3258642435330113,67.41357564669887,1,1
2025-09-12,ZG200_B012,Site_02,Medium Duty,0,1,158.31480620468582,0.1973854381351763,80.26145618648238,1,0
2025-04-17,ZG250_B022,Site_03,Medium Duty,0,1,104.39865955223854,0.4989882894330215,50.10117105669784,1,1
2025-01-13,ZG250_B024,Site_03,Low Duty,0,0,201.4494836816488,0.0584523794740378,94.1547620525962,0,0
2025-03-19,ZG150_B004,Site_01,Medium Duty,0,1,117.56814971883436,0.394915597025368,60.5084402974632,1,1
2025-07-19,ZG200_B012,Site_02,Medium Duty,0,1,109.36089067294309,0.4455689555711744,55.44310444288256,1,1
2025-08-22,ZG250_B023,Site_03,Medium Duty,0,1,159.58376240388074,0.20090738026284,79.909261973716,1,1
2025-01-03,ZG200_B012,Site_02,Medium Duty,0,0,194.43725617127689,0.0142540870729446,98.57459129270552,0,0
2025-09-07,ZG250_B023,Site_03,Medium Duty,0,1,144.5916641437183,0.2759781449422093,72.40218550577906,1,1
2025-05-05,ZG150_B003,Site_01,Medium Duty,0,1,124.24299114676752,0.2166132652233849,78.33867347766152,1,0
2025-09-19,ZG250_B023,Site_03,Medium Duty,0,1,132.90487570761533,0.3344980485153838,66.55019514846163,1,1
2025-10-24,ZG250_B023,Site_03,Medium Duty,0,1,94.70665259964592,0.5257701285369131,47.42298714630869,1,1
2025-01-07,ZG150_B002,Site_01,High Duty,0,0,168.97734278078505,0.039971298514132,96.0028701485868,0,0
2025-08-21,ZG150_B002,Site_01,High Duty,0,1,132.59566419231967,0.2466703451340813,75.33296548659187,1,1
2025-12-21,ZG250_B023,Site_03,Medium Duty,0,0,133.34065732822933,0.3323159350496765,66.76840649503235,0,0
2025-03-23,ZG250_B024,Site_03,Low Duty,0,1,133.28184542107095,0.377058694209251,62.29413057907489,1,1
2025-10-19,ZG250_B024,Site_03,Low Duty,0,1,138.8689596522674,0.3509452785089509,64.90547214910491,1,1
2025-04-28,ZG150_B003,Site_01,Medium Duty,0,1,129.23916886287785,0.1851109703151445,81.48890296848555,1,0
2025-09-28,ZG250_B023,Site_03,Medium Duty,0,1,124.35811191054869,0.3772947326516304,62.27052673483696,1,1
2025-04-21,ZG250_B022,Site_03,Medium Duty,0,1,99.80806649046086,0.5210186573732086,47.898134262679136,1,1
2025-01-28,ZG150_B001,Site_01,High Duty,0,1,139.16853600264167,0.1633014552426637,83.66985447573363,1,1
2025-05-17,ZG150_B003,Site_01,Medium Duty,0,1,113.85390852709604,0.2821193306813127,71.78806693186873,1,1
2025-08-15,ZG200_B014,Site_02,Low Duty,0,1,92.30578188287888,0.5470627642542014,45.29372357457986,1,1
2025-07-18,ZG250_B024,Site_03,Low Duty,0,1,125.51483209043413,0.4133606632508363,58.66393367491636,1,1
2025-12-15,ZG250_B021,Site_03,High Duty,0,0,130.03706433487858,0.3200342001101813,67.99657998898186,0,0
2025-07-28,ZG250_B022,Site_03,Medium Duty,0,1,117.51792164203196,0.4360286310506743,56.397136894932565,1,1
2025-12-04,ZG250_B022,Site_03,Medium Duty,0,1,96.52261081090089,0.5367856392201805,46.32143607798195,1,1
2025-08-26,ZG250_B021,Site_03,High Duty,0,1,146.8922414077733,0.2318982211931202,76.81017788068797,1,1
2025-10-16,ZG200_B012,Site_02,Medium Duty,0,1,126.93727562365883,0.3564612918941134,64.35387081058866,1,1
2025-05-31,ZG150_B002,Site_01,High Duty,0,1,119.28341198684544,0.3223026399042358,67.7697360095764,1,1
2025-01-05,ZG150_B001,Site_01,High Duty,0,0,161.24039681652943,0.0306026832823421,96.93973167176578,0,0
2025-10-13,ZG200_B011,Site_02,High Duty,0,1,104.13246673083005,0.4714734867811096,52.85265132188904,1,1
2025-06-29,ZG150_B002,Site_01,High Duty,0,1,91.07416221836688,0.4825708094673956,51.74291905326044,1,1
2025-06-22,ZG200_B012,Site_02,Medium Duty,0,1,134.47714325126864,0.3182361397587619,68.17638602412381,1,1
2025-04-11,ZG250_B024,Site_03,Low Duty,0,1,112.90749285535942,0.4722856604313058,52.771433956869416,1,1
2025-12-29,ZG200_B014,Site_02,Low Duty,0,0,169.6336673484252,0.1676208920942004,83.23791079057995,0,0
2025-12-23,ZG150_B003,Site_01,Medium Duty,0,0,71.7518706790383,0.5475844297811064,45.24155702188936,0,0
2025-07-27,ZG250_B024,Site_03,Low Duty,0,1,116.73596156291616,0.4543919158756996,54.56080841243003,1,1
2025-06-19,ZG250_B023,Site_03,Medium Duty,0,1,129.2116475326072,0.3529913546838725,64.70086453161275,1,1
2025-03-10,ZG200_B011,Site_02,High Duty,0,1,129.53734409640597,0.3425305002725029,65.7469499727497,1,1
2025-07-12,ZG200_B014,Site_02,Low Duty,0,1,127.49559859264129,0.37438909222849,62.561090777150994,1,1
2025-02-03,ZG200_B014,Site_02,Low Duty,0,0,171.99423707199006,0.1560377615083688,84.39622384916312,0,0
2025-11-24,ZG200_B011,Site_02,High Duty,0,0,154.72934911244138,0.2146679518270238,78.53320481729762,0,0
2025-07-13,ZG150_B001,Site_01,High Duty,0,1,134.19180303418273,0.1932221927308876,80.67778072691124,1,1
2025-02-10,ZG200_B014,Site_02,Low Duty,0,0,165.03253923951772,0.1901982670370306,80.98017329629694,0,1
2025-06-17,ZG250_B023,Site_03,Medium Duty,0,1,131.35490144536942,0.3422593205588929,65.7740679441107,1,1
2025-09-18,ZG200_B014,Site_02,Low Duty,0,0,165.0729108879863,0.1900001665227739,80.9999833477226,0,0
2025-04-03,ZG250_B023,Site_03,Medium Duty,0,1,104.52610093247256,0.4766006605756707,52.33993394243293,1,1
2025-11-01,ZG250_B024,Site_03,Low Duty,0,1,126.04309296741756,0.4108916434119633,58.91083565880366,1,1
2025-11-30,ZG150_B001,Site_01,High Duty,0,1,71.49564349409678,0.5701593004695789,42.98406995304212,1,1
2025-06-21,ZG200_B012,Site_02,Medium Duty,0,1,135.4376019590809,0.3133668659148277,68.66331340851723,1,1
2025-04-02,ZG200_B014,Site_02,Low Duty,0,1,115.55375767943072,0.4329867694553477,56.70132305446523,1,1
2025-10-23,ZG250_B021,Site_03,High Duty,0,1,85.42642322320542,0.5533039253400546,44.66960746599455,1,1
2025-07-19,ZG200_B011,Site_02,High Duty,0,1,94.00840536811924,0.522858372010794,47.7141627989206,1,1
2025-04-04,ZG150_B004,Site_01,Medium Duty,0,1,98.91389910299038,0.490922858548332,50.90771414516679,1,1
2025-02-20,ZG200_B014,Site_02,Low Duty,0,1,155.96276249639723,0.2347029505255792,76.52970494744208,1,1
2025-05-12,ZG150_B003,Site_01,Medium Duty,0,1,117.8409841249758,0.2569797062638608,74.30202937361392,1,1
2025-12-19,ZG200_B012,Site_02,Medium Duty,0,0,161.99494229706403,0.1787281129727516,82.12718870272482,0,0
2025-11-14,ZG150_B001,Site_01,High Duty,0,1,90.83612487386482,0.4538819213279954,54.61180786720045,1,1
2025-03-21,ZG150_B002,Site_01,High Duty,0,1,96.67654974994164,0.4507413775527522,54.925862244724776,1,1
2025-11-13,ZG250_B021,Site_03,High Duty,0,0,158.5640210750676,0.1708663066524228,82.91336933475773,0,0
2025-12-26,ZG200_B013,Site_02,Low Duty,0,0,132.45201877019463,0.3419641679691623,65.80358320308378,0,1
2025-06-10,ZG200_B013,Site_02,Low Duty,0,1,136.45943800794385,0.3220548794819558,67.79451205180442,1,1
2025-10-22,ZG200_B012,Site_02,Medium Duty,0,1,120.88039619939406,0.3871680826353982,61.283191736460175,1,1
2025-07-01,ZG200_B012,Site_02,Medium Duty,0,1,126.40258425992772,0.3591720369275192,64.08279630724807,1,1
2025-04-15,ZG150_B001,Site_01,High Duty,0,1,139.61582697521126,0.1606122862926866,83.93877137073133,1,0
2025-07-01,ZG250_B023,Site_03,Medium Duty,0,1,117.69255603453271,0.4106715400832648,58.93284599167352,1,1
2025-07-04,ZG150_B002,Site_01,High Duty,0,1,86.02885031050896,0.5112352692096446,48.87647307903554,1,1
2025-10-09,ZG200_B013,Site_02,Low Duty,0,1,113.60545712748662,0.4355959071199027,56.44040928800973,1,1
2025-06-08,ZG150_B003,Site_01,Medium Duty,0,1,94.43881237490857,0.4045369305769017,59.54630694230983,1,1
2025-10-26,ZG150_B003,Site_01,Medium Duty,0,0,129.0356754425235,0.1863940531244726,81.36059468755275,0,0
2025-05-17,ZG150_B001,Site_01,High Duty,0,1,112.1739195458612,0.3255964462975522,67.44035537024477,1,1
2025-07-10,ZG200_B013,Site_02,Low Duty,0,1,107.58937259189926,0.4654844601951989,53.451553980480114,1,1
2025-06-09,ZG150_B003,Site_01,Medium Duty,0,1,93.59483759722646,0.4098584270993187,59.01415729006813,1,1
2025-07-06,ZG250_B024,Site_03,Low Duty,0,1,137.4260477324323,0.3576892535240283,64.23107464759717,1,1
2025-09-28,ZG200_B012,Site_02,Medium Duty,0,1,144.35415580743705,0.2681622755678595,73.18377244321404,1,1
2025-10-23,ZG200_B013,Site_02,Low Duty,0,1,97.01702939983537,0.5180089948417848,48.19910051582153,1,1
2025-07-21,ZG150_B003,Site_01,Medium Duty,1,1,136.19251757552252,0.1412681660371375,85.87318339628625,1,1
2025-06-01,ZG150_B003,Site_01,Medium Duty,0,1,101.20067287963246,0.3619015128932343,63.80984871067656,1,1
2025-12-12,ZG150_B001,Site_01,High Duty,0,0,139.13882613748163,0.1634800746465775,83.65199253534225,0,0
2025-05-16,ZG200_B011,Site_02,High Duty,0,1,156.24811366656212,0.2069594305618474,79.30405694381525,1,1
2025-09-06,ZG200_B013,Site_02,Low Duty,0,1,147.08855849550284,0.2692482691431421,73.07517308568579,1,1
2025-04-15,ZG150_B003,Site_01,Medium Duty,0,1,51.793584878142,0.6734269920133135,32.65730079866865,1,1
2025-04-07,ZG250_B022,Site_03,Medium Duty,0,1,115.32775642322984,0.4465392872928389,55.34607127071611,1,1
2025-10-09,ZG250_B022,Site_03,Medium Duty,0,1,154.90339861217583,0.2566148162803625,74.33851837196374,1,1
2025-04-12,ZG250_B022,Site_03,Medium Duty,0,1,110.2672339264462,0.4708248580401108,52.91751419598892,1,1
2025-04-01,ZG150_B001,Site_01,High Duty,0,1,73.61354008600584,0.5574262427878972,44.25737572121028,1,1
2025-09-30,ZG150_B001,Site_01,High Duty,0,1,136.67865760600287,0.1782709137921945,82.17290862078055,1,0
2025-05-17,ZG150_B004,Site_01,Medium Duty,0,1,154.07142955689486,0.2070452823163978,79.29547176836023,1,1
2025-08-27,ZG150_B004,Site_01,Medium Duty,0,1,153.59215819000312,0.209511933612621,79.0488066387379,1,1
2025-04-20,ZG200_B011,Site_02,High Duty,0,1,85.00453100718313,0.5685577246799997,43.14422753200004,1,1
2025-11-26,ZG250_B024,Site_03,Low Duty,0,1,97.33695457857286,0.5450602488635338,45.49397511364662,1,1
2025-01-29,ZG200_B013,Site_02,Low Duty,0,1,173.13668514230395,0.139838382830941,86.0161617169059,1,0
2025-12-08,ZG200_B011,Site_02,High Duty,0,0,141.39860889928667,0.2823284026420196,71.76715973579803,0,0
2025-01-26,ZG200_B013,Site_02,Low Duty,0,1,176.04610130715815,0.1253840913483365,87.46159086516634,1,0
2025-07-26,ZG200_B011,Site_02,High Duty,0,1,86.57830741923074,0.5605699895791332,43.943001042086685,1,1
2025-02-24,ZG200_B013,Site_02,Low Duty,0,1,147.21280041199864,0.2686310219795766,73.13689780204233,1,1
2025-03-27,ZG200_B014,Site_02,Low Duty,0,1,121.7639219144183,0.4025139803759842,59.74860196240157,1,1
2025-07-11,ZG200_B011,Site_02,High Duty,0,1,103.0118531800874,0.4771611842997981,52.283881570020185,1,1
2025-07-08,ZG150_B002,Site_01,High Duty,0,1,81.5784894358806,0.5365195712427028,46.348042875729725,1,1
2025-10-03,ZG200_B014,Site_02,Low Duty,0,1,152.40410999943776,0.2521649793614095,74.78350206385905,1,1
2025-05-14,ZG200_B012,Site_02,Medium Duty,0,0,166.86498486244847,0.1540382739514702,84.59617260485298,0,0
2025-09-09,ZG200_B013,Site_02,Low Duty,0,1,144.13800530690267,0.2839069337708243,71.60930662291757,1,1
2025-12-31,ZG200_B012,Site_02,Medium Duty,0,0,151.4156735991892,0.232362231690725,76.7637768309275,0,0
2025-12-02,ZG250_B021,Site_03,High Duty,0,0,142.25910808791508,0.2561249462422227,74.38750537577774,0,0
2025-11-08,ZG250_B022,Site_03,Medium Duty,0,1,126.54143350143792,0.3927245778052372,60.72754221947627,1,1
2025-02-01,ZG150_B001,Site_01,High Duty,0,1,135.3040484269976,0.1865352351159594,81.34647648840405,1,1
2025-12-07,ZG200_B011,Site_02,High Duty,0,0,142.26408274688382,0.2779356720238634,72.20643279761366,0,0
2025-05-02,ZG150_B002,Site_01,High Duty,0,1,143.26017755539783,0.1860809267691782,81.39190732308218,1,0
2025-08-15,ZG150_B004,Site_01,Medium Duty,0,1,163.0921372801088,0.1606186815732276,83.93813184267724,1,0
2025-02-12,ZG200_B014,Site_02,Low Duty,0,0,163.04276799467388,0.1999619185550858,80.00380814449142,0,1
2025-02-24,ZG250_B024,Site_03,Low Duty,0,1,161.19338279250178,0.2466039463637686,75.33960536362314,1,1
2025-11-18,ZG200_B013,Site_02,Low Duty,0,0,166.9686167994182,0.1704820077580624,82.95179922419376,0,0
2025-03-11,ZG250_B021,Site_03,High Duty,0,1,122.301379652241,0.3604842137261396,63.95157862738604,1,1
2025-05-10,ZG250_B021,Site_03,High Duty,0,1,154.3081361597744,0.1931203940194978,80.68796059805021,1,1
2025-07-30,ZG150_B004,Site_01,Medium Duty,0,1,80.69752498160132,0.5846765144999103,41.53234855000897,1,1
2025-06-16,ZG150_B001,Site_01,High Duty,0,1,80.9377919095393,0.5133919300171543,48.66080699828457,1,1
2025-03-30,ZG200_B011,Site_02,High Duty,0,1,109.04901407734889,0.4465194478755677,55.34805521244324,1,1
2025-06-18,ZG150_B003,Site_01,Medium Duty,0,1,84.67647376472341,0.4660912001339058,53.390879986609406,1,1
2025-10-15,ZG200_B011,Site_02,High Duty,0,1,101.72420495458331,0.4836966698044037,51.63033301955964,1,1
2025-06-18,ZG200_B014,Site_02,Low Duty,0,1,148.29113342463287,0.272347032993143,72.7652967006857,1,1
2025-05-29,ZG250_B023,Site_03,Medium Duty,0,1,147.84351694658554,0.2596949621415286,74.03050378584713,1,1
2025-05-18,ZG150_B002,Site_01,High Duty,0,1,130.0675356549177,0.2610336669677075,73.89663330322924,1,1
2025-03-29,ZG200_B011,Site_02,High Duty,0,1,110.15635909836958,0.4408990950570447,55.91009049429553,1,1
2025-08-24,ZG150_B003,Site_01,Medium Duty,0,1,108.03130996782087,0.3188324396556235,68.11675603443766,1,1
2025-11-04,ZG250_B021,Site_03,High Duty,0,0,166.40435857278172,0.1298690618645043,87.01309381354957,0,0
2025-09-28,ZG250_B022,Site_03,Medium Duty,0,1,164.52238141618474,0.2104530834648234,78.95469165351766,1,0
2025-01-02,ZG150_B002,Site_01,High Duty,0,0,174.2604880329499,0.0099556112466569,99.00443887533432,0,0
2025-02-12,ZG150_B004,Site_01,Medium Duty,0,1,153.40174918174313,0.2104919058360463,78.95080941639536,1,1
2025-06-19,ZG150_B002,Site_01,High Duty,0,1,101.74590528945568,0.4219403162040513,57.80596837959487,1,1
2025-01-26,ZG150_B004,Site_01,Medium Duty,0,0,170.0736885085734,0.1246869452397471,87.53130547602528,0,0
2025-08-23,ZG200_B014,Site_02,Low Duty,0,1,82.99716891503851,0.5927393983748117,40.72606016251883,1,1
2025-05-26,ZG200_B011,Site_02,High Duty,0,1,147.4670046828691,0.2515281328988707,74.84718671011292,1,1
2025-06-07,ZG150_B004,Site_01,Medium Duty,0,1,134.99335663114732,0.3052338171686489,69.47661828313511,1,1
2025-03-15,ZG250_B024,Site_03,Low Duty,0,1,142.11557016697674,0.3357710603921654,66.42289396078345,1,1
2025-01-01,ZG250_B021,Site_03,High Duty,0,0,190.4766400898308,0.003994733336443,99.6005266663557,0,0
2025-03-30,ZG200_B012,Site_02,Medium Duty,0,1,111.57722043272136,0.4343327447470742,56.56672552529258,1,1
2025-06-13,ZG250_B021,Site_03,High Duty,0,1,124.16923830430947,0.3507171522430836,64.92828477569164,1,1
2025-08-08,ZG250_B022,Site_03,Medium Duty,0,1,106.20565555973111,0.4903164715707572,50.96835284292428,1,1
2025-04-11,ZG150_B004,Site_01,Medium Duty,0,1,90.75863702575776,0.532895296635562,46.7104703364438,1,1
2025-05-19,ZG200_B014,Site_02,Low Duty,0,0,172.84442608349636,0.1518659506761749,84.81340493238251,0,0
2025-02-03,ZG250_B024,Site_03,Low Duty,0,0,181.67421665811185,0.1508793009582398,84.91206990417601,0,0
2025-12-15,ZG150_B002,Site_01,High Duty,0,0,104.99660742628215,0.4034717611896465,59.65282388103535,0,0
2025-03-05,ZG150_B004,Site_01,Medium Duty,0,1,132.6230775453766,0.3174328600975951,68.25671399024048,1,1
2025-01-17,ZG200_B011,Site_02,High Duty,0,0,180.5353819237058,0.0836888924621334,91.63111075378666,0,0
2025-04-03,ZG150_B003,Site_01,Medium Duty,0,1,65.88667721692889,0.5845661115058111,41.543388849418896,1,1
2025-09-24,ZG250_B021,Site_03,High Duty,0,1,118.24914121667923,0.381673430533474,61.8326569466526,1,1
2025-12-23,ZG250_B022,Site_03,Medium Duty,0,1,72.48251000348199,0.6521546686635215,34.784533133647855,1,1
2025-08-23,ZG150_B003,Site_01,Medium Duty,0,1,108.80819353347248,0.31393397194988,68.606602805012,1,1
2025-12-05,ZG250_B021,Site_03,High Duty,0,0,139.45773515748897,0.2707733681761526,72.92266318238474,0,0
2025-12-24,ZG150_B002,Site_01,High Duty,0,0,94.51248036422496,0.4630363319419341,53.69636680580658,0,0
2025-03-07,ZG250_B024,Site_03,Low Duty,0,1,150.8575392309548,0.2949122802132718,70.50877197867283,1,1
2025-04-18,ZG200_B014,Site_02,Low Duty,0,1,97.62439640435976,0.5209647397294361,47.90352602705639,1,1
2025-04-02,ZG200_B011,Site_02,High Duty,0,1,105.42247679845164,0.4649260136974295,53.50739863025704,1,1
2025-01-23,ZG250_B022,Site_03,Medium Duty,0,0,188.4621132013816,0.0955657274043313,90.44342725956686,0,0
2025-09-10,ZG150_B004,Site_01,Medium Duty,0,1,140.83193013681134,0.2751846093487842,72.48153906512158,1,1
2025-06-01,ZG250_B022,Site_03,Medium Duty,0,0,168.40015135346562,0.1918435710650004,80.81564289349996,0,0
2025-10-02,ZG250_B022,Site_03,Medium Duty,0,1,161.4290510246246,0.225298051374099,77.47019486259009,1,1
2025-08-19,ZG200_B011,Site_02,High Duty,0,1,159.25189290395096,0.1917136862070141,80.82863137929859,1,1
2025-12-13,ZG200_B012,Site_02,Medium Duty,0,0,166.7193032062093,0.1547768417550586,84.52231582449413,0,0
2025-12-01,ZG200_B014,Site_02,Low Duty,0,1,91.40542705816108,0.55148073479927,44.85192652007301,1,1
2025-09-05,ZG200_B011,Site_02,High Duty,0,1,143.84906539477768,0.2698910594385382,73.01089405614618,1,1
2025-03-12,ZG150_B004,Site_01,Medium Duty,0,1,124.9505793263696,0.3569206721901931,64.30793278098069,1,1
2025-04-07,ZG200_B012,Site_02,Medium Duty,0,1,102.65796275222232,0.4795510428141396,52.044895718586034,1,1
2025-09-20,ZG250_B021,Site_03,High Duty,0,1,122.46081576614742,0.3596505198460278,64.03494801539722,1,1
2025-07-31,ZG150_B002,Site_01,High Duty,0,1,149.85366452316376,0.148620657671799,85.1379342328201,1,0
2025-06-24,ZG200_B012,Site_02,Medium Duty,0,1,132.76253093462648,0.3269287746820585,67.30712253179415,1,1
2025-02-06,ZG200_B014,Site_02,Low Duty,0,0,169.0750560112488,0.1703619541355576,82.96380458644424,0,0
2025-05-04,ZG150_B001,Site_01,High Duty,0,1,123.562204110642,0.257128663303459,74.2871336696541,1,1
2025-02-26,ZG200_B013,Site_02,Low Duty,0,1,144.85657852517485,0.2803369849701103,71.96630150298897,1,1
2025-02-21,ZG200_B011,Site_02,High Duty,0,1,146.99655385449515,0.253915915919551,74.60840840804491,1,1
2025-02-27,ZG150_B001,Site_01,High Duty,0,1,109.76843938039016,0.3400584921859567,65.99415078140433,1,1
2025-06-03,ZG150_B001,Site_01,High Duty,0,1,94.94285810071588,0.4291917304751747,57.08082695248253,1,1
2025-01-05,ZG250_B023,Site_03,Medium Duty,0,0,194.81276948741052,0.0245032202338857,97.54967797661142,0,0
2025-01-10,ZG200_B011,Site_02,High Duty,0,0,187.5190873080229,0.0482429496932746,95.17570503067256,0,0
2025-07-30,ZG200_B013,Site_02,Low Duty,0,1,84.69287142393021,0.579236733180939,42.076326681906096,1,1
2025-07-19,ZG200_B014,Site_02,Low Duty,0,1,120.8515704367374,0.4069908175567117,59.30091824432883,1,1
2025-04-27,ZG150_B004,Site_01,Medium Duty,0,0,169.11992784231856,0.1295956361113962,87.04043638886037,0,0
2025-07-15,ZG250_B023,Site_03,Medium Duty,0,1,102.42143297837312,0.4871394810908918,51.28605189091082,1,1
2025-09-28,ZG150_B002,Site_01,High Duty,0,1,94.13266428285912,0.4651942208837087,53.480577911629126,1,1
2025-06-26,ZG200_B014,Site_02,Low Duty,0,1,141.83543851123125,0.3040246218640596,69.59753781359403,1,1
2025-07-26,ZG200_B012,Site_02,Medium Duty,0,1,102.104526101001,0.482356821540645,51.76431784593549,1,1
2025-06-02,ZG200_B013,Site_02,Low Duty,0,1,144.084921638908,0.2841706591255638,71.58293408744363,1,1
2025-02-18,ZG150_B002,Site_01,High Duty,0,1,128.99640787623133,0.2671191775667927,73.28808224332073,1,1
2025-04-27,ZG200_B012,Site_02,Medium Duty,0,1,78.38846015522043,0.6025910582147543,39.74089417852456,1,1
2025-07-14,ZG250_B024,Site_03,Low Duty,0,1,129.8827326914726,0.3929456870372422,60.70543129627578,1,1
2025-08-27,ZG250_B023,Site_03,Medium Duty,0,1,155.36116318141683,0.2220514354220304,77.79485645779695,1,1
2025-11-24,ZG150_B002,Site_01,High Duty,0,0,125.61647243892486,0.2863219592864278,71.36780407135721,0,0
2025-02-14,ZG250_B022,Site_03,Medium Duty,0,0,167.1099928840214,0.1980350729908971,80.1964927009103,0,1
2025-12-01,ZG200_B011,Site_02,High Duty,0,0,148.07555363330434,0.248439429970821,75.15605700291789,0,0
2025-04-19,ZG150_B001,Site_01,High Duty,0,1,136.3718621407049,0.1801154062811295,81.98845937188705,1,0
2025-02-05,ZG150_B001,Site_01,High Duty,0,1,131.35581908351165,0.2102724809112318,78.97275190887682,1,1
2025-04-07,ZG200_B014,Site_02,Low Duty,0,1,110.25170089574044,0.4590035464587542,54.09964535412458,1,1
2025-08-12,ZG250_B022,Site_03,Medium Duty,0,1,101.90311996116291,0.5109644447273028,48.90355552726972,1,1
2025-05-05,ZG250_B024,Site_03,Low Duty,0,1,84.70083351423321,0.6041197684183649,39.58802315816351,1,1
2025-06-08,ZG150_B004,Site_01,Medium Duty,0,1,134.1166287403207,0.30974604580932,69.025395419068,1,1
2025-06-19,ZG200_B011,Site_02,High Duty,0,1,125.76252173228818,0.3616896901463483,63.83103098536517,1,1
2025-08-14,ZG150_B003,Site_01,Medium Duty,0,1,116.79562461552908,0.263570989725523,73.64290102744769,1,1
2025-10-02,ZG200_B013,Site_02,Low Duty,0,1,121.14259783247834,0.3981505838927207,60.18494161072794,1,1
2025-09-13,ZG200_B014,Site_02,Low Duty,0,0,169.01217488420718,0.170670506896629,82.93294931033711,0,0
2025-05-06,ZG200_B014,Site_02,Low Duty,0,1,76.2323759104784,0.625933707348498,37.4066292651502,1,1
2025-06-21,ZG150_B001,Site_01,High Duty,0,1,74.70430755661387,0.5508684131121646,44.91315868878354,1,1
2025-12-07,ZG250_B023,Site_03,Medium Duty,0,0,147.21350366810884,0.2628496625545506,73.71503374454494,0,0
2025-03-05,ZG250_B022,Site_03,Medium Duty,0,1,148.92323898406704,0.2853137480252015,71.46862519747985,1,1
2025-10-17,ZG200_B013,Site_02,Low Duty,0,1,103.96677427603642,0.4834819170782701,51.651808292172994,1,1
2025-06-04,ZG150_B004,Site_01,Medium Duty,0,1,137.38068894571845,0.2929470069082258,70.70529930917742,1,1
2025-09-17,ZG150_B004,Site_01,Medium Duty,0,1,134.15969543676866,0.3095243957589396,69.04756042410605,1,1
2025-04-06,ZG200_B013,Site_02,Low Duty,0,1,102.36237382028322,0.4914527505817137,50.85472494182864,1,1
2025-05-05,ZG150_B002,Site_01,High Duty,0,1,141.2495301599468,0.1975042287127114,80.24957712872887,1,1
2025-09-01,ZG150_B003,Site_01,Medium Duty,0,1,100.54459213646076,0.3660382850877797,63.396171491222034,1,1
2025-03-23,ZG150_B001,Site_01,High Duty,0,1,84.29621554725684,0.4932006694702763,50.67993305297236,1,1
2025-09-30,ZG200_B013,Site_02,Low Duty,0,1,122.82335332091296,0.389800410399394,61.01995896006059,1,1
2025-06-10,ZG150_B001,Site_01,High Duty,0,1,87.17549349584428,0.4758900923906319,52.410990760936805,1,1
2025-10-23,ZG250_B024,Site_03,Low Duty,0,1,135.02410819988972,0.3689155937964442,63.10844062035558,1,1
2025-11-10,ZG250_B021,Site_03,High Duty,0,0,161.2459601079665,0.1568424063968423,84.31575936031577,0,0
2025-01-19,ZG250_B021,Site_03,High Duty,0,0,173.15549524648608,0.094567264857775,90.5432735142225,0,0
2025-12-27,ZG250_B024,Site_03,Low Duty,0,0,173.0554370598758,0.1911623102479583,80.88376897520418,0,0
2025-10-29,ZG150_B001,Site_01,High Duty,0,1,108.90817940093888,0.3452304821600855,65.47695178399144,1,1
2025-05-11,ZG250_B022,Site_03,Medium Duty,0,1,75.68922811380976,0.6367655503295114,36.32344496704886,1,1
2025-12-26,ZG200_B011,Site_02,High Duty,0,0,122.56660866180074,0.3779106137902834,62.20893862097165,0,0
2025-02-18,ZG250_B024,Site_03,Low Duty,0,1,166.46698180552394,0.2219558583589076,77.80441416410923,1,1
2025-02-19,ZG200_B013,Site_02,Low Duty,0,1,152.44244653413983,0.2426495792717785,75.73504207282215,1,1
2025-02-23,ZG150_B001,Site_01,High Duty,0,1,113.52921370645343,0.3174482492664063,68.25517507335937,1,1
2025-12-11,ZG150_B001,Site_01,High Duty,0,0,140.02028441528157,0.1581806378666612,84.18193621333387,0,0
2025-09-27,ZG150_B003,Site_01,Medium Duty,0,1,71.96999671987844,0.5462090842157244,45.37909157842756,1,1
2025-06-01,ZG200_B012,Site_02,Medium Duty,0,1,152.69053368933277,0.2258990252653789,77.4100974734621,1,1
2025-11-05,ZG250_B022,Site_03,Medium Duty,0,1,129.6046124749068,0.3780243072859351,62.19756927140649,1,1
2025-04-06,ZG150_B004,Site_01,Medium Duty,0,1,96.52875800231828,0.50319839135515,49.680160864485,1,1
2025-03-17,ZG250_B021,Site_03,High Duty,0,1,115.94241838802532,0.3937353195136073,60.62646804863927,1,1
2025-05-13,ZG150_B003,Site_01,Medium Duty,0,1,117.0982355733418,0.261662943179312,73.8337056820688,1,1
2025-03-01,ZG250_B021,Site_03,High Duty,0,1,132.82126043288744,0.305475596095888,69.45244039041121,1,1
2025-06-11,ZG250_B023,Site_03,Medium Duty,0,1,136.63646880407148,0.3158126355490346,68.41873644509653,1,1
2025-12-30,ZG150_B001,Site_01,High Duty,0,0,123.00217275015176,0.2604956414854509,73.95043585145491,0,0
2025-07-02,ZG200_B011,Site_02,High Duty,0,1,112.89857490584096,0.4269809213623512,57.30190786376488,1,1
2025-04-13,ZG200_B013,Site_02,Low Duty,0,1,94.07139876602794,0.5326432036894129,46.73567963105872,1,1
2025-02-18,ZG200_B012,Site_02,Medium Duty,0,1,152.17805089365226,0.2284971786812165,77.15028213187834,1,1
2025-08-07,ZG250_B021,Site_03,High Duty,0,1,163.14812118708878,0.1468959769976534,85.31040230023466,1,0
2025-01-31,ZG250_B022,Site_03,Medium Duty,0,0,180.34582370892468,0.1345159984088927,86.54840015911073,0,0
2025-03-13,ZG150_B004,Site_01,Medium Duty,0,1,123.87750805472282,0.3624434153081756,63.75565846918244,1,1
2025-05-14,ZG150_B004,Site_01,Medium Duty,0,1,156.20443828923783,0.1960673914638494,80.39326085361506,1,0
2025-10-14,ZG150_B002,Site_01,High Duty,0,1,75.26066449879174,0.5724136927311497,42.75863072688503,1,1
2025-07-16,ZG200_B011,Site_02,High Duty,0,1,97.15975572833314,0.5068636273350509,49.31363726649492,1,1
2025-12-17,ZG200_B011,Site_02,High Duty,0,0,131.84940763634435,0.3307955734099438,66.92044265900562,0,0
2025-08-13,ZG200_B014,Site_02,Low Duty,0,1,94.67822571779035,0.5354213683348167,46.45786316651833,1,1
2025-08-04,ZG200_B013,Site_02,Low Duty,0,0,176.25307167895627,0.1243558403478877,87.56441596521123,0,0
2025-08-21,ZG150_B001,Site_01,High Duty,0,1,99.6812311321624,0.4007040425695301,59.929595743047,1,1
2025-06-30,ZG200_B011,Site_02,High Duty,0,1,114.9702597612418,0.4164660415415968,58.35339584584032,1,1
2025-05-24,ZG150_B001,Site_01,High Duty,0,1,105.489066853839,0.3657866119771421,63.42133880228579,1,1
2025-09-04,ZG250_B021,Site_03,High Duty,0,1,138.94188754494397,0.2734707432382511,72.65292567617489,1,1
2025-12-13,ZG250_B023,Site_03,Medium Duty,0,0,141.25725016996054,0.2926747408705273,70.73252591294727,0,0
2025-07-08,ZG150_B001,Site_01,High Duty,0,1,138.0777866546388,0.1698591759630404,83.01408240369595,1,1
2025-03-11,ZG200_B013,Site_02,Low Duty,0,1,130.59251724589245,0.3512023709355496,64.87976290644504,1,1
2025-01-20,ZG250_B022,Site_03,Medium Duty,0,0,191.0802833629914,0.0830010650145121,91.6998934985488,0,0
2025-05-21,ZG250_B023,Site_03,Medium Duty,0,1,154.39739559450362,0.2268773622847844,77.31226377152156,1,1
2025-03-13,ZG250_B022,Site_03,Medium Duty,0,1,141.05941694195062,0.3230524215849291,67.6947578415071,1,1
2025-02-25,ZG200_B013,Site_02,Low Duty,0,1,146.06518982585678,0.274332474429384,72.56675255706159,1,1
2025-03-08,ZG250_B024,Site_03,Low Duty,0,1,149.83572166377,0.2996881172192125,70.03118827807874,1,1
2025-11-09,ZG200_B013,Site_02,Low Duty,0,0,174.36990074527648,0.1337116354781249,86.62883645218751,0,0
2025-09-06,ZG150_B003,Site_01,Medium Duty,0,1,95.49165152893156,0.3978984858686544,60.21015141313455,1,1
2025-03-03,ZG150_B001,Site_01,High Duty,0,1,105.72853766439664,0.3643468836846664,63.56531163153336,1,1
2025-09-08,ZG200_B014,Site_02,Low Duty,0,0,173.26143291324613,0.1498197308522246,85.01802691477754,0,0
2025-09-09,ZG150_B003,Site_01,Medium Duty,0,1,92.6458265201717,0.4158422068043849,58.4157793195615,1,1
2025-06-24,ZG250_B021,Site_03,High Duty,0,1,113.28553459387236,0.4076282055422636,59.237179445773634,1,1
2025-03-03,ZG150_B004,Site_01,Medium Duty,0,1,134.4525105567427,0.308017373130148,69.1982626869852,1,1
2025-02-16,ZG150_B001,Site_01,High Duty,0,1,120.4106797456605,0.2760760196936797,72.39239803063204,1,1
2025-10-09,ZG200_B011,Site_02,High Duty,0,1,108.97205307309925,0.4469100650625687,55.30899349374312,1,1
2025-09-08,ZG250_B023,Site_03,Medium Duty,0,1,143.43583882924196,0.281765773110581,71.82342268894189,1,1
2025-10-12,ZG250_B021,Site_03,High Duty,0,1,97.85376026958242,0.4883211896987854,51.16788103012146,1,1
2025-04-24,ZG250_B021,Site_03,High Duty,0,0,166.7031860376308,0.128306488476644,87.1693511523356,0,0
2025-06-22,ZG200_B014,Site_02,Low Duty,0,1,145.08097380874543,0.2880990345802997,71.19009654197004,1,1
2025-02-09,ZG250_B021,Site_03,High Duty,0,1,152.37630901903557,0.2032219477089795,79.67780522910205,1,1
2025-06-05,ZG250_B024,Site_03,Low Duty,0,1,164.48972475960414,0.2311972901696536,76.88027098303462,1,1
2025-08-16,ZG150_B003,Site_01,Medium Duty,0,1,115.07652858313456,0.2744103700008589,72.55896299991412,1,1
2025-06-27,ZG150_B004,Site_01,Medium Duty,0,1,115.75838587707564,0.4042298532787369,59.5770146721263,1,1
2025-10-15,ZG250_B021,Site_03,High Duty,0,1,94.4632863099828,0.5060500299316575,49.39499700683425,1,1
2025-04-17,ZG150_B003,Site_01,Medium Duty,0,1,49.25686968516033,0.6894216892895617,31.05783107104383,1,1
2025-12-30,ZG200_B014,Site_02,Low Duty,0,0,168.7420021053745,0.1719962235432146,82.80037764567854,0,0
2025-11-10,ZG250_B022,Site_03,Medium Duty,0,1,124.19129609914164,0.4040029444532566,59.59970555467434,1,1
2025-08-02,ZG150_B003,Site_01,Medium Duty,0,1,126.47129889001224,0.2025631629927018,79.74368370072982,1,0
2025-08-11,ZG150_B001,Site_01,High Duty,0,1,109.59343717086674,0.341110627232019,65.8889372767981,1,1
2025-01-02,ZG250_B021,Site_03,High Duty,0,0,189.74128350384944,0.0078399241806732,99.21600758193269,0,0
2025-03-10,ZG250_B023,Site_03,Medium Duty,0,1,129.87139145283362,0.34968778238035,65.031221761965,1,1
2025-09-06,ZG200_B012,Site_02,Medium Duty,0,0,163.34477153396423,0.1718848326281056,82.81151673718944,0,0
2025-12-03,ZG250_B023,Site_03,Medium Duty,0,0,151.34302040728323,0.2421717044738038,75.78282955261962,0,0
2025-11-30,ZG250_B022,Site_03,Medium Duty,0,1,101.65201901648084,0.512169484278191,48.7830515721809,1,1
2025-07-25,ZG200_B014,Site_02,Low Duty,0,1,114.64568844895074,0.4374425939847504,56.25574060152496,1,1
2025-02-22,ZG150_B002,Site_01,High Duty,0,1,125.31865762273812,0.2880139658392704,71.19860341607296,1,1
2025-06-07,ZG250_B021,Site_03,High Duty,0,1,130.1415665667942,0.3194877563398745,68.05122436601255,1,1
2025-12-19,ZG250_B024,Site_03,Low Duty,0,0,179.81342591757243,0.1595763850213607,84.04236149786392,0,0
2025-09-07,ZG250_B022,Site_03,Medium Duty,0,1,71.40655668103541,0.6573181948704786,34.26818051295214,1,1
2025-11-23,ZG150_B003,Site_01,Medium Duty,0,0,104.0880832869302,0.3436955844134461,65.63044155865538,0,1
2025-10-27,ZG200_B012,Site_02,Medium Duty,0,1,115.78094519361528,0.4130209623051781,58.69790376948218,1,1
2025-06-25,ZG250_B023,Site_03,Medium Duty,0,1,123.43790165610564,0.3819025524689804,61.80974475310196,1,1
2025-12-04,ZG250_B024,Site_03,Low Duty,0,1,87.86799878251365,0.5893168666304683,41.06831333695317,1,1
2025-05-03,ZG150_B004,Site_01,Medium Duty,0,0,164.4994250254237,0.1533758367447276,84.66241632552723,0,0
2025-12-29,ZG200_B012,Site_02,Medium Duty,0,0,153.30435197714064,0.2227871274717097,77.72128725282903,0,0
2025-05-21,ZG200_B011,Site_02,High Duty,0,1,151.76773912747154,0.2296996652590742,77.03003347409258,1,1
2025-07-23,ZG200_B011,Site_02,High Duty,0,1,89.36825118409622,0.5464095716382743,45.35904283617257,1,1
2025-05-11,ZG150_B003,Site_01,Medium Duty,0,1,118.6250479023851,0.2520359653190238,74.79640346809762,1,1
2025-10-13,ZG250_B023,Site_03,Medium Duty,0,1,108.0888625006128,0.4587606470799442,54.12393529200558,1,1
2025-06-06,ZG150_B003,Site_01,Medium Duty,0,1,96.39835530208433,0.3921814655224468,60.78185344775532,1,1
2025-03-05,ZG250_B024,Site_03,Low Duty,0,1,152.6757784600706,0.2864140761551945,71.35859238448054,1,1
2025-11-18,ZG250_B023,Site_03,Medium Duty,0,0,165.05788733579368,0.1734964910425441,82.65035089574559,0,0
2025-01-10,ZG200_B013,Site_02,Low Duty,0,0,191.8093297084796,0.0470706823654765,95.29293176345234,0,0
2025-03-18,ZG200_B014,Site_02,Low Duty,0,1,130.61761830622848,0.359069586232535,64.0930413767465,1,1
2025-12-18,ZG200_B013,Site_02,Low Duty,0,0,140.57166875892554,0.3016248761581109,69.8375123841889,0,0
2025-03-30,ZG150_B001,Site_01,High Duty,0,1,75.83620939807554,0.5440632784835935,45.593672151640654,1,1
2025-03-19,ZG150_B002,Site_01,High Duty,0,1,98.8307472645964,0.4385025092600898,56.14974907399102,1,1
2025-03-02,ZG200_B012,Site_02,Medium Duty,0,1,139.8223377580643,0.291137404965711,70.8862595034289,1,1
2025-05-18,ZG200_B013,Site_02,Low Duty,0,1,156.99713056187224,0.2200214206249364,77.99785793750635,1,1
2025-09-13,ZG250_B022,Site_03,Medium Duty,0,0,176.8969898642618,0.1510670360504366,84.89329639495634,0,0
2025-08-14,ZG200_B012,Site_02,Medium Duty,0,1,81.74077922812864,0.5855956793968401,41.44043206031599,1,1
2025-09-28,ZG150_B003,Site_01,Medium Duty,0,1,70.91680451624433,0.552849755000304,44.7150244999696,1,1
2025-07-09,ZG150_B001,Site_01,High Duty,0,1,137.29030233286932,0.1745936296331663,82.54063703668338,1,1
2025-08-18,ZG200_B013,Site_02,Low Duty,0,1,164.81311420141404,0.1811907757986857,81.88092242013141,1,0
2025-02-08,ZG250_B021,Site_03,High Duty,0,1,153.4540515114923,0.197586415718874,80.24135842811259,1,1
2025-12-13,ZG250_B024,Site_03,Low Duty,0,0,184.7212331591517,0.1366379582462813,86.33620417537186,0,0
2025-05-27,ZG200_B012,Site_02,Medium Duty,0,0,156.50201407092908,0.2065758189913169,79.3424181008683,0,0
2025-07-21,ZG200_B013,Site_02,Low Duty,0,1,95.25205981710056,0.5267775529858405,47.32224470141595,1,1
2025-11-18,ZG150_B002,Site_01,High Duty,0,0,131.40378812502465,0.253441875650464,74.6558124349536,0,0
2025-05-06,ZG250_B023,Site_03,Medium Duty,0,1,166.6628898578831,0.1654596729431232,83.45403270568768,1,0
2025-06-29,ZG200_B013,Site_02,Low Duty,0,1,118.09966266137307,0.4132682121155736,58.67317878844264,1,1
2025-12-12,ZG150_B003,Site_01,Medium Duty,0,0,84.360542325483,0.4680832360331984,53.191676396680165,0,0
2025-01-24,ZG150_B002,Site_01,High Duty,0,1,153.6440007752064,0.1270862227566756,87.29137772433245,1,1
2025-12-07,ZG200_B014,Site_02,Low Duty,0,1,84.09276068437782,0.587363415447328,41.263658455267205,1,1
2025-10-25,ZG150_B004,Site_01,Medium Duty,0,1,92.63583691675788,0.5232339693285807,47.67660306714193,1,1
2025-10-03,ZG150_B002,Site_01,High Duty,0,1,88.69387089321067,0.4960942082405218,50.39057917594783,1,1
2025-07-31,ZG200_B013,Site_02,Low Duty,0,1,83.66113714547626,0.5843624997087796,41.56375002912204,1,1
2025-01-14,ZG150_B002,Site_01,High Duty,0,0,162.94191257115918,0.0742610212172079,92.5738978782792,0,0
2025-07-08,ZG200_B014,Site_02,Low Duty,0,1,131.09866398593093,0.3567091327919441,64.32908672080559,1,1
2025-11-13,ZG250_B024,Site_03,Low Duty,0,1,112.8708368108202,0.4724569858220838,52.754301417791616,1,1
2025-05-15,ZG150_B001,Site_01,High Duty,0,1,113.96456509648998,0.3148308625713654,68.51691374286347,1,1
2025-03-23,ZG150_B003,Site_01,Medium Duty,0,1,78.71882085237904,0.5036558644973111,49.63441355026889,1,1
2025-10-27,ZG200_B011,Site_02,High Duty,0,1,87.02405511452865,0.5583075878271404,44.16924121728596,1,1
2025-08-02,ZG200_B012,Site_02,Medium Duty,0,1,95.52416625093504,0.5157175207992166,48.428247920078334,1,1
2025-12-06,ZG150_B004,Site_01,Medium Duty,0,0,147.62758435064123,0.240209623499036,75.9790376500964,0,0
2025-11-08,ZG250_B021,Site_03,High Duty,0,0,163.11142979459112,0.1470878368506603,85.29121631493398,0,0
2025-12-18,ZG150_B001,Site_01,High Duty,0,0,133.90999708217356,0.1949164451583582,80.50835548416417,0,0
2025-03-29,ZG150_B002,Site_01,High Duty,0,1,88.07570379179624,0.4996062658330125,50.03937341669875,1,1
2025-10-13,ZG200_B012,Site_02,Medium Duty,0,1,130.3025014389599,0.3394004792760445,66.05995207239555,1,1
2025-02-11,ZG150_B004,Site_01,Medium Duty,0,1,154.4799923158146,0.2049425448517881,79.50574551482119,1,1
2025-06-04,ZG250_B022,Site_03,Medium Duty,0,0,165.7930581125906,0.2043550750423558,79.56449249576441,0,1
2025-08-11,ZG250_B024,Site_03,Low Duty,0,1,99.95495754389378,0.5328240573505129,46.71759426494872,1,1
2025-12-31,ZG250_B021,Site_03,High Duty,0,0,113.1049953936734,0.408572247783625,59.1427752216375,0,0
2025-03-11,ZG150_B001,Site_01,High Duty,0,1,97.05508344468252,0.4164927690413711,58.35072309586289,1,1
2025-09-29,ZG250_B024,Site_03,Low Duty,0,1,159.17913649997303,0.2560182609066677,74.39817390933324,1,0
2025-09-03,ZG150_B003,Site_01,Medium Duty,0,1,98.39422731938312,0.3795969354154991,62.04030645845009,1,1
2025-05-17,ZG250_B021,Site_03,High Duty,0,1,148.00271221390148,0.2260915523498533,77.39084476501468,1,1
2025-01-19,ZG150_B002,Site_01,High Duty,0,0,158.50395835887736,0.0994748359781484,90.05251640218516,0,0
2025-11-29,ZG150_B004,Site_01,Medium Duty,0,0,154.43606141759687,0.2051686426630048,79.48313573369951,0,0
2025-12-28,ZG150_B004,Site_01,Medium Duty,0,0,126.34922279896992,0.3497223165758821,65.02776834241179,0,0
2025-12-03,ZG250_B022,Site_03,Medium Duty,0,1,97.86973971609956,0.5303207347851757,46.967926521482426,1,1
2025-10-20,ZG250_B023,Site_03,Medium Duty,0,1,99.43740144924776,0.5020815875813518,49.79184124186482,1,1
2025-04-03,ZG150_B004,Site_01,Medium Duty,0,1,100.20489967004222,0.4842785053861649,51.57214946138351,1,1
2025-01-17,ZG250_B022,Site_03,Medium Duty,0,0,193.49877866745965,0.0713946471286239,92.8605352871376,0,0
2025-09-12,ZG250_B023,Site_03,Medium Duty,0,1,140.0827950705396,0.2985556549937623,70.14443450062377,1,1
2025-08-25,ZG250_B021,Site_03,High Duty,0,1,147.87000439397576,0.2267854835716088,77.32145164283911,1,1
2025-11-30,ZG200_B013,Site_02,Low Duty,0,0,156.9261135074301,0.2203742409665372,77.96257590334628,0,0
2025-06-23,ZG200_B013,Site_02,Low Duty,0,1,123.98381313084606,0.3840351216279744,61.59648783720256,1,1
2025-08-15,ZG200_B013,Site_02,Low Duty,0,1,167.0876046539523,0.169890863337714,83.0109136662286,1,0
2025-07-04,ZG250_B024,Site_03,Low Duty,0,1,139.28214261872373,0.3490141172480782,65.09858827519218,1,1
2025-05-30,ZG150_B002,Site_01,High Duty,0,1,120.25092877156652,0.3168057853128689,68.3194214687131,1,1
2025-05-03,ZG150_B003,Site_01,Medium Duty,0,1,125.74402017037302,0.2071488582998733,79.28511417001268,1,0
2025-01-29,ZG250_B021,Site_03,High Duty,0,1,163.5512715800358,0.1447878974218937,85.52121025781064,1,1
2025-05-10,ZG250_B024,Site_03,Low Duty,0,0,186.11683549269372,0.1301151018341816,86.98848981658183,0,0
2025-11-21,ZG200_B013,Site_02,Low Duty,0,0,164.5231100347686,0.1826315475956189,81.7368452404381,0,0
2025-08-01,ZG250_B023,Site_03,Medium Duty,0,1,82.29198097062337,0.5879348019709503,41.20651980290497,1,1
2025-12-13,ZG200_B011,Site_02,High Duty,0,0,135.89968952441717,0.3102382829599811,68.97617170400189,0,0
2025-01-27,ZG200_B014,Site_02,Low Duty,0,0,178.6075811486111,0.1235866005518286,87.64133994481713,0,0
2025-03-16,ZG150_B002,Site_01,High Duty,0,1,102.07189448993972,0.4200882395665041,57.99117604334959,1,1
2025-05-09,ZG250_B022,Site_03,Medium Duty,0,1,78.26374302308518,0.6244103905591807,37.55896094408193,1,1
2025-08-29,ZG200_B013,Site_02,Low Duty,0,1,154.85935397783874,0.2306421239273997,76.93578760726002,1,1
2025-08-19,ZG150_B004,Site_01,Medium Duty,0,1,160.4671221106562,0.1741287669186734,82.58712330813266,1,0
2025-06-17,ZG250_B021,Site_03,High Duty,0,1,120.50150193159791,0.3698958018781853,63.01041981218148,1,1
2025-03-16,ZG150_B004,Site_01,Medium Duty,0,1,120.8809780504267,0.377865564699667,62.21344353003331,1,1
2025-03-21,ZG200_B012,Site_02,Medium Duty,0,1,120.46421035846517,0.3892780357369396,61.07219642630604,1,1
2025-02-04,ZG150_B002,Site_01,High Duty,0,1,142.78251012747353,0.1887947488297321,81.12052511702679,1,1
2025-12-08,ZG250_B021,Site_03,High Duty,0,0,136.61082705510626,0.2856598942212521,71.43401057787479,0,0
2025-09-04,ZG150_B003,Site_01,Medium Duty,0,1,97.40091312293056,0.3858600586531472,61.41399413468527,1,1
2025-11-05,ZG250_B023,Site_03,Medium Duty,1,1,175.67614071700305,0.1203271222821468,87.96728777178531,1,1
2025-06-23,ZG250_B023,Site_03,Medium Duty,0,1,125.31365838504342,0.3725099718208126,62.74900281791873,1,1
2025-03-16,ZG250_B023,Site_03,Medium Duty,0,1,123.63117036878556,0.3809347873304587,61.90652126695413,1,1
2025-10-16,ZG250_B024,Site_03,Low Duty,0,1,142.01293650695814,0.3362507562276192,66.37492437723809,1,1
2025-09-10,ZG250_B023,Site_03,Medium Duty,0,1,141.5801856655264,0.2910576880622049,70.89423119377952,1,1
2025-02-05,ZG250_B023,Site_03,Medium Duty,0,1,163.9846924761705,0.1788703591538521,82.11296408461479,1,1
2025-11-09,ZG150_B004,Site_01,Medium Duty,0,1,74.53452054370163,0.6163954610832734,38.36045389167266,1,1
2025-01-29,ZG150_B001,Site_01,High Duty,0,1,138.2201613765231,0.1690032014300573,83.09967985699427,1,1
2025-06-28,ZG150_B001,Site_01,High Duty,1,1,146.257680198882,0.1206806387640268,87.93193612359732,1,1
2025-05-28,ZG200_B011,Site_02,High Duty,0,1,145.8221636256375,0.2598765580929559,74.01234419070441,1,1
2025-06-08,ZG200_B014,Site_02,Low Duty,0,1,157.1111661704556,0.2290678237216234,77.09321762783766,1,1
2025-10-24,ZG250_B024,Site_03,Low Duty,0,1,134.01330530320598,0.3736399497232995,62.63600502767005,1,1
2025-04-06,ZG250_B021,Site_03,High Duty,0,1,93.03725681479098,0.5135067599903081,48.64932400096919,1,1
2025-04-15,ZG200_B013,Site_02,Low Duty,0,1,91.78964747793528,0.5439791887599957,45.60208112400043,1,1
2025-09-02,ZG200_B011,Site_02,High Duty,0,1,146.7036491361953,0.255402559944498,74.45974400555019,1,1
2025-09-14,ZG150_B001,Site_01,High Duty,0,1,71.49492621024379,0.570163612869301,42.98363871306991,1,1
2025-05-08,ZG150_B002,Site_01,High Duty,0,1,138.8770076046235,0.2109834899589236,78.90165100410763,1,1
2025-08-30,ZG150_B002,Site_01,High Duty,0,1,124.4625134671608,0.2928780674308661,70.7121932569134,1,1
2025-08-29,ZG200_B014,Site_02,Low Duty,0,1,75.76737226228369,0.6282154437980333,37.17845562019667,1,1
2025-05-31,ZG250_B022,Site_03,Medium Duty,0,0,169.19953921840406,0.1880072892263539,81.19927107736461,0,0
2025-03-09,ZG150_B001,Site_01,High Duty,0,1,99.46165860913726,0.402024139882908,59.79758601170919,1,1
2025-05-13,ZG200_B013,Site_02,Low Duty,0,1,161.33890176614858,0.1984510357155867,80.15489642844132,1,0
2025-02-11,ZG200_B014,Site_02,Low Duty,0,0,164.09628889469803,0.194792374085349,80.52076259146509,0,1
2025-04-22,ZG200_B012,Site_02,Medium Duty,0,1,84.3515023498838,0.5723599976261236,42.76400023738765,1,1
2025-01-22,ZG200_B014,Site_02,Low Duty,0,0,183.459017374034,0.0997809833031908,90.02190166968091,0,0
2025-05-28,ZG150_B002,Site_01,High Duty,0,1,121.7001014509184,0.3085724485667002,69.14275514332996,1,1
2025-02-19,ZG150_B004,Site_01,Medium Duty,0,1,146.78746518690338,0.2445334391228558,75.54665608771442,1,1
2025-11-24,ZG200_B012,Site_02,Medium Duty,0,1,82.64604061471442,0.5810062415003726,41.89937584996274,1,1
2025-07-05,ZG250_B021,Site_03,High Duty,0,1,102.18454414332204,0.4656754545315127,53.43245454684873,1,1
2025-06-07,ZG250_B022,Site_03,Medium Duty,0,0,163.64530060169616,0.2146622156611284,78.53377843388716,0,1
2025-06-10,ZG200_B011,Site_02,High Duty,0,1,134.0418273319269,0.3196679013822187,68.03320986177812,1,1
2025-12-07,ZG150_B003,Site_01,Medium Duty,0,0,90.06662208150011,0.4321048106332437,56.789518936675634,0,0
2025-09-11,ZG200_B011,Site_02,High Duty,0,1,137.5613660538141,0.3018044089747429,69.8195591025257,1,1
2025-09-10,ZG150_B002,Site_01,High Duty,0,1,113.18913402425407,0.3569267005187447,64.30732994812553,1,1
2025-06-04,ZG150_B001,Site_01,High Duty,0,1,93.7420291320166,0.4364112635641342,56.35887364358658,1,1
2025-04-30,ZG200_B013,Site_02,Low Duty,0,0,172.23695382739953,0.1443083444812392,85.56916555187608,0,0
2025-03-14,ZG250_B023,Site_03,Medium Duty,0,1,125.84624374183278,0.3698431276408053,63.01568723591946,1,1
2025-03-05,ZG150_B003,Site_01,Medium Duty,0,1,98.61248974321876,0.3782207299172667,62.177927008273336,1,1
2025-09-08,ZG200_B013,Site_02,Low Duty,0,1,145.10550547367993,0.2791002891975934,72.08997108024067,1,1
2025-02-12,ZG250_B022,Site_03,Medium Duty,0,0,169.03185816507846,0.1888119946863344,81.11880053136656,0,1
2025-11-12,ZG200_B013,Site_02,Low Duty,0,0,172.0680806939668,0.1451473243163358,85.48526756836641,0,0
2025-12-30,ZG150_B003,Site_01,Medium Duty,0,0,63.75348494543049,0.5980164841408819,40.19835158591181,0,1
2025-05-02,ZG200_B014,Site_02,Low Duty,0,1,80.91517234831385,0.60295559231769,39.704440768231,1,1
2025-10-20,ZG200_B011,Site_02,High Duty,0,1,95.65775297662752,0.5144870737214324,48.55129262785675,1,1
2025-09-09,ZG250_B023,Site_03,Medium Duty,0,1,142.5599964489639,0.2861514272121678,71.38485727878322,1,1
2025-08-20,ZG250_B024,Site_03,Low Duty,0,1,89.11707027546076,0.5834788755343497,41.65211244656503,1,1
2025-10-22,ZG200_B013,Site_02,Low Duty,0,1,98.07409723098216,0.5127573685076587,48.724263149234126,1,1
2025-11-21,ZG150_B001,Site_01,High Duty,0,1,82.4945614149293,0.504032438158609,49.5967561841391,1,1
2025-06-01,ZG200_B011,Site_02,High Duty,0,1,142.01965763515827,0.2791762567915071,72.08237432084928,1,1
2025-05-08,ZG150_B003,Site_01,Medium Duty,0,1,121.49544225119485,0.2339373278370993,76.60626721629006,1,1
2025-10-09,ZG150_B002,Site_01,High Duty,0,1,81.70064414904213,0.535825560858074,46.4174439141926,1,1
2025-12-22,ZG150_B003,Site_01,Medium Duty,0,0,73.17154800458678,0.5386329680186958,46.13670319813043,0,0
2025-07-15,ZG150_B003,Site_01,Medium Duty,0,1,53.934131016237394,0.6599302511969212,34.00697488030788,1,1
2025-08-28,ZG250_B021,Site_03,High Duty,0,1,145.1729257092191,0.2408885492984968,75.91114507015031,1,1
2025-05-22,ZG200_B013,Site_02,Low Duty,0,1,153.82107970058755,0.2358003818705466,76.41996181294533,1,1
2025-07-13,ZG250_B022,Site_03,Medium Duty,0,1,132.82480722133067,0.36257051424698,63.74294857530201,1,1
2025-09-05,ZG150_B003,Site_01,Medium Duty,0,1,96.50926080417167,0.3914821753786162,60.85178246213838,1,1
2025-10-25,ZG200_B014,Site_02,Low Duty,0,1,131.672933676982,0.3538912364355996,64.61087635644003,1,1
2025-04-15,ZG200_B011,Site_02,High Duty,0,1,90.37625105793818,0.5412934471924387,45.87065528075613,1,1
2025-07-13,ZG250_B023,Site_03,Medium Duty,0,1,104.69200477690494,0.4757699210588494,52.42300789411506,1,1
2025-05-31,ZG250_B024,Site_03,Low Duty,0,1,169.22822163617852,0.2090501971244372,79.09498028755628,1,1
2025-04-25,ZG150_B004,Site_01,Medium Duty,0,1,73.37167806969633,0.6223802269047969,37.76197730952031,1,1
2025-06-19,ZG200_B014,Site_02,Low Duty,0,1,147.3757874796923,0.276838563789974,72.3161436210026,1,1
2025-04-19,ZG150_B004,Site_01,Medium Duty,0,1,81.12682203352372,0.582467064483197,41.7532935516803,1,1
2025-12-01,ZG250_B023,Site_03,Medium Duty,0,0,153.09957481202338,0.2333760122313673,76.66239877686327,0,0
2025-05-24,ZG150_B003,Site_01,Medium Duty,0,1,107.84186552559248,0.320026939736868,67.9973060263132,1,1
2025-01-28,ZG150_B002,Site_01,High Duty,0,1,149.9361359252165,0.1481521042449343,85.18478957550656,1,1
2025-06-21,ZG150_B003,Site_01,Medium Duty,0,1,81.38642851170275,0.4868358536893449,51.31641463106551,1,1
2025-04-12,ZG250_B024,Site_03,Low Duty,0,1,111.672802146127,0.478056437690782,52.19435623092179,1,1
2025-04-16,ZG200_B011,Site_02,High Duty,0,1,89.33836201212569,0.5465612747558565,45.34387252441435,1,1
2025-01-31,ZG150_B002,Site_01,High Duty,0,1,146.81410307460138,0.1658896369475321,83.41103630524678,1,1
2025-03-17,ZG200_B014,Site_02,Low Duty,0,1,131.66206751759782,0.3539445558278875,64.60554441721125,1,1
2025-07-10,ZG250_B022,Site_03,Medium Duty,0,1,135.27652047379212,0.3508046826194118,64.91953173805882,1,1
2025-04-25,ZG150_B001,Site_01,High Duty,0,1,131.66686502750372,0.2084024340158192,79.15975659841807,1,0
2025-07-27,ZG200_B011,Site_02,High Duty,0,1,85.34606430764215,0.566824265269052,43.3175734730948,1,1
2025-05-25,ZG150_B004,Site_01,Medium Duty,0,1,146.88555195232465,0.2440286189650443,75.59713810349557,1,1
2025-03-18,ZG250_B023,Site_03,Medium Duty,0,1,121.9377824934206,0.3894141823088265,61.05858176911735,1,1
2025-12-01,ZG150_B002,Site_01,High Duty,0,0,118.92853046741362,0.3243188655039215,67.56811344960785,0,0
2025-02-16,ZG150_B003,Site_01,Medium Duty,0,1,115.49450852740868,0.2717748897961026,72.82251102038974,1,1
2025-01-17,ZG150_B004,Site_01,Medium Duty,0,0,178.15436993470854,0.0830983491101453,91.69016508898548,0,0
2025-01-07,ZG200_B014,Site_02,Low Duty,0,0,197.33272590210728,0.0317037831314646,96.82962168685351,0,0
2025-02-02,ZG150_B004,Site_01,Medium Duty,0,1,163.57499496868488,0.1581335726647989,84.18664273352012,1,0
2025-10-07,ZG200_B014,Site_02,Low Duty,0,1,148.6309139881378,0.2706797564038028,72.93202435961972,1,1
2025-01-29,ZG150_B002,Site_01,High Duty,0,1,148.85678860785225,0.1542843133712533,84.57156866287467,1,1
2025-02-05,ZG200_B013,Site_02,Low Duty,0,1,166.35843262446045,0.1735134681690738,82.64865318309262,1,0
2025-11-27,ZG250_B022,Site_03,Medium Duty,0,1,105.20056364009211,0.4951399321793046,50.48600678206954,1,1
2025-01-27,ZG250_B023,Site_03,Medium Duty,0,1,173.7291172556512,0.1300765607900807,86.99234392099193,1,0
2025-07-06,ZG200_B011,Site_02,High Duty,0,1,108.53876846662762,0.4491092101465109,55.08907898534892,1,1
2025-04-06,ZG200_B014,Site_02,Low Duty,0,1,111.15032926122544,0.4545940475138019,54.54059524861981,1,1
2025-11-16,ZG150_B001,Site_01,High Duty,0,1,88.64177180156655,0.467074644877526,53.2925355122474,1,1
2025-07-12,ZG150_B003,Site_01,Medium Duty,0,1,57.41986809206953,0.6379517060820488,36.20482939179512,1,1
2025-12-22,ZG200_B011,Site_02,High Duty,0,0,126.8185082212174,0.3563300086318147,64.36699913681852,0,0
2025-10-12,ZG150_B002,Site_01,High Duty,0,1,78.1160218605565,0.5561912514548105,44.38087485451895,1,1
2025-12-23,ZG250_B023,Site_03,Medium Duty,0,0,131.2521752972972,0.3427737068945828,65.72262931054172,0,0
2025-10-11,ZG150_B002,Site_01,High Duty,0,1,79.27720253143208,0.5495941139137298,45.04058860862702,1,1
2025-05-03,ZG200_B012,Site_02,Medium Duty,0,1,70.79426696516202,0.6410916267091189,35.89083732908811,1,1
2025-01-01,ZG250_B023,Site_03,Medium Duty,0,0,198.68327874463083,0.0051222046751634,99.48777953248366,0,0
2025-08-03,ZG200_B013,Site_02,Low Duty,1,1,177.03898907690854,0.1204513184412318,87.95486815587681,1,1
2025-08-01,ZG150_B003,Site_01,Medium Duty,0,1,127.33791751589284,0.1970988906876087,80.29011093123913,1,0
2025-12-11,ZG250_B021,Site_03,High Duty,0,0,133.7667408192321,0.3005316646831841,69.94683353168159,0,0
2025-07-04,ZG200_B013,Site_02,Low Duty,0,1,113.99881576295547,0.4336416592391938,56.63583407608061,1,1
2025-09-12,ZG250_B022,Site_03,Medium Duty,0,0,177.69073058971182,0.1472578549717715,85.27421450282284,0,0
2025-09-23,ZG150_B002,Site_01,High Duty,0,1,99.6782737620114,0.4336873680737136,56.63126319262864,1,1
2025-07-17,ZG150_B001,Site_01,High Duty,0,1,131.0410165546329,0.212165112862133,78.78348871378668,1,1
2025-08-13,ZG150_B004,Site_01,Medium Duty,0,0,164.79623539697798,0.1518482518767332,84.81517481232667,0,0
2025-07-08,ZG250_B024,Site_03,Low Duty,0,1,135.58303447992256,0.3663032480142829,63.369675198571706,1,1
2025-02-17,ZG150_B001,Site_01,High Duty,0,1,119.5359869239182,0.281334781710459,71.8665218289541,1,1
2025-10-31,ZG200_B012,Site_02,Medium Duty,0,1,111.32575998544824,0.4356075832890453,56.439241671095466,1,1
2025-12-27,ZG250_B021,Site_03,High Duty,0,0,117.40930727011478,0.3860649350954326,61.39350649045674,0,0
2025-07-10,ZG250_B023,Site_03,Medium Duty,0,1,108.04943530692196,0.4589580730524912,54.10419269475087,1,1
2025-12-10,ZG200_B012,Site_02,Medium Duty,0,0,168.96643714747162,0.1433844618068057,85.66155381931944,0,0
2025-11-22,ZG200_B011,Site_02,High Duty,0,0,156.77518107884825,0.2042842888851698,79.57157111148302,0,0
2025-02-18,ZG250_B023,Site_03,Medium Duty,0,1,150.4583573578495,0.2466015268010124,75.33984731989875,1,1
2025-02-22,ZG250_B021,Site_03,High Duty,0,1,140.05235266149003,0.2676641041458963,73.23358958541037,1,1
2025-06-05,ZG200_B014,Site_02,Low Duty,0,0,159.64236448720973,0.216647432004778,78.3352567995222,0,1
2025-10-16,ZG150_B002,Site_01,High Duty,0,1,72.41575203924329,0.5885767922889672,41.14232077110328,1,1
2025-04-27,ZG250_B021,Site_03,High Duty,0,0,164.44933983437122,0.1400918847732057,85.99081152267942,0,0
2025-09-19,ZG150_B004,Site_01,Medium Duty,0,1,131.96406883303206,0.3208245600964273,67.91754399035727,1,1
2025-07-01,ZG250_B022,Site_03,Medium Duty,0,1,142.98176873461733,0.313827008499299,68.6172991500701,1,1
2025-03-31,ZG250_B024,Site_03,Low Duty,0,1,124.7263313375553,0.4170460090461585,58.29539909538415,1,1
2025-01-15,ZG150_B004,Site_01,Medium Duty,0,0,180.16313780411423,0.0727598849097578,92.72401150902422,0,0
2025-01-01,ZG150_B002,Site_01,High Duty,0,0,175.12466497672867,0.0050458721328972,99.49541278671028,0,0
2025-05-15,ZG200_B012,Site_02,Medium Duty,0,0,166.03311068169515,0.1582556579543836,84.17443420456163,0,0
2025-09-09,ZG250_B024,Site_03,Low Duty,0,0,177.2852222550461,0.1713928667474617,82.86071332525383,0,0
2025-08-07,ZG250_B023,Site_03,Medium Duty,0,0,172.73689321739636,0.1350449792190722,86.49550207809278,0,0
2025-02-02,ZG150_B003,Site_01,Medium Duty,0,1,129.53176855427586,0.1832660475977724,81.67339524022276,1,0
2025-03-21,ZG200_B011,Site_02,High Duty,0,1,118.2828792513166,0.3996527720236875,60.03472279763125,1,1
2025-07-30,ZG250_B024,Site_03,Low Duty,0,1,113.84548017154243,0.4679016346721169,53.20983653278832,1,1
2025-05-28,ZG200_B014,Site_02,Low Duty,0,0,166.16856462120202,0.184623879543406,81.53761204565939,0,0
2025-10-28,ZG250_B021,Site_03,High Duty,0,1,79.37191667219012,0.5849630327718965,41.503696722810346,1,1
2025-09-19,ZG250_B024,Site_03,Low Duty,0,1,168.0266790981436,0.2146660443183436,78.53339556816563,1,1
2025-07-05,ZG200_B011,Site_02,High Duty,0,1,109.61238969417252,0.4436600231472356,55.63399768527644,1,1
2025-06-05,ZG200_B013,Site_02,Low Duty,0,1,141.3395231344497,0.2978100932837689,70.2189906716231,1,1
2025-11-29,ZG250_B021,Site_03,High Duty,0,0,144.88717872891075,0.2423827246324701,75.76172753675299,0,0
2025-10-10,ZG250_B022,Site_03,Medium Duty,0,1,154.02782995023466,0.2608166916197532,73.91833083802469,1,1
2025-10-07,ZG250_B022,Site_03,Medium Duty,0,1,156.87216325814765,0.2471666667810045,75.28333332189955,1,1
2025-07-13,ZG250_B024,Site_03,Low Duty,0,1,130.96833486606533,0.3878717294095278,61.212827059047214,1,1
2025-07-09,ZG200_B011,Site_02,High Duty,0,1,105.17425359089204,0.4661858757799308,53.38141242200691,1,1
2025-01-10,ZG150_B003,Site_01,Medium Duty,0,0,149.76783668327033,0.0556719902592505,94.43280097407494,0,0
2025-11-20,ZG150_B002,Site_01,High Duty,0,0,129.65622717075982,0.2633704770006861,73.66295229993139,0,0
2025-04-12,ZG150_B001,Site_01,High Duty,0,1,142.1842411649638,0.1451706607886341,85.48293392113658,1,0
2025-11-14,ZG250_B022,Site_03,Medium Duty,0,1,119.7719883899006,0.4252113098137409,57.47886901862592,1,1
2025-04-22,ZG150_B004,Site_01,Medium Duty,0,1,77.26375701321452,0.602348983158077,39.7651016841923,1,1
2025-02-15,ZG150_B001,Site_01,High Duty,0,1,121.3190508801426,0.2706147794726407,72.93852205273593,1,1
2025-01-09,ZG250_B022,Site_03,Medium Duty,0,0,200.322250832438,0.0386486379744416,96.13513620255584,0,0
2025-11-06,ZG150_B003,Site_01,Medium Duty,0,0,119.46461053751972,0.2467422885867756,75.32577114132243,0,0
2025-02-10,ZG200_B012,Site_02,Medium Duty,0,1,160.37868882347192,0.1869220943486466,81.30779056513533,1,1
2025-06-29,ZG250_B022,Site_03,Medium Duty,0,1,144.73316877978124,0.3054219970146872,69.45780029853128,1,1
2025-07-17,ZG200_B014,Site_02,Low Duty,0,1,122.8429345672702,0.3972193498734488,60.27806501265511,1,1
2025-05-28,ZG150_B003,Site_01,Medium Duty,0,1,104.60616063687416,0.3404289621292574,65.95710378707426,1,1
2025-11-29,ZG200_B013,Site_02,Low Duty,0,0,157.90039898352697,0.2155338862490202,78.44661137509799,0,0
2025-09-15,ZG250_B024,Site_03,Low Duty,0,1,171.77829989918484,0.1971314764764213,80.28685235235787,1,0
2025-07-12,ZG200_B011,Site_02,High Duty,0,1,101.82902384361486,0.4831646593404384,51.68353406595616,1,1
2025-09-22,ZG200_B014,Site_02,Low Duty,0,0,161.57144367208133,0.2071815916672881,79.28184083327119,0,0
2025-06-14,ZG250_B021,Site_03,High Duty,0,1,123.31338903047836,0.355192401196467,64.4807598803533,1,1
2025-04-23,ZG250_B021,Site_03,High Duty,1,1,167.38009423037596,0.1247669251753177,87.52330748246823,1,1
2025-02-19,ZG250_B024,Site_03,Low Duty,0,1,165.59140427224438,0.2260481892399743,77.39518107600256,1,1
2025-11-09,ZG250_B024,Site_03,Low Duty,0,1,117.43284193374627,0.4511347913452478,54.886520865475205,1,1
2025-03-12,ZG200_B011,Site_02,High Duty,0,1,127.23985030605064,0.3541914780662716,64.58085219337283,1,1
2025-08-06,ZG200_B011,Site_02,High Duty,0,1,170.0937923165519,0.1366853989387996,86.33146010612003,1,0
2025-04-24,ZG150_B003,Site_01,Medium Duty,0,1,132.3752379579353,0.1653371794096377,83.46628205903623,1,0
2025-02-22,ZG250_B024,Site_03,Low Duty,0,1,163.0472689443149,0.2379391334138175,76.20608665861825,1,1
2025-08-03,ZG150_B003,Site_01,Medium Duty,0,1,125.84617834800892,0.2065047224780433,79.34952775219566,1,0
2025-05-18,ZG150_B001,Site_01,High Duty,0,1,111.08147934306906,0.3321643326471883,66.78356673528117,1,1
2025-05-25,ZG250_B023,Site_03,Medium Duty,0,1,151.25756091391412,0.2425996305322514,75.74003694677486,1,1
2025-08-27,ZG250_B024,Site_03,Low Duty,1,1,187.2588574987522,0.1247774455506249,87.5222554449375,1,1
2025-02-21,ZG250_B023,Site_03,Medium Duty,0,1,147.69247284347932,0.2604512936518833,73.95487063481167,1,1
2025-02-23,ZG200_B013,Site_02,Low Duty,0,1,148.24828218519718,0.2634866374960024,73.65133625039975,1,1
2025-02-04,ZG250_B024,Site_03,Low Duty,0,0,180.45787341959868,0.1565643246229056,84.34356753770945,0,0
2025-01-09,ZG250_B023,Site_03,Medium Duty,0,0,190.7838935642907,0.0446772339775517,95.53227660224482,0,0
2025-07-03,ZG150_B004,Site_01,Medium Duty,0,1,109.53031244445772,0.4362836884685414,56.37163115314586,1,1
2025-05-19,ZG250_B023,Site_03,Medium Duty,0,1,156.3409090554313,0.2171454995965454,78.28545004034547,1,1
2025-08-31,ZG250_B021,Site_03,High Duty,0,1,142.2769880561847,0.2560314516144514,74.39685483855486,1,1
2025-11-30,ZG250_B024,Site_03,Low Duty,0,1,92.87259662572544,0.5659260536839734,43.407394631602656,1,1
2025-05-08,ZG200_B013,Site_02,Low Duty,0,1,165.7534622711304,0.1765190257551626,82.34809742448374,1,0
2025-05-18,ZG250_B023,Site_03,Medium Duty,0,1,157.12550127874152,0.2132167674642396,78.67832325357604,1,1
2025-12-03,ZG150_B001,Site_01,High Duty,0,1,67.49760171487836,0.5941960248229025,40.58039751770976,1,1
2025-07-22,ZG200_B014,Site_02,Low Duty,0,1,117.66526623010628,0.4226257625206998,57.737423747930016,1,1
2025-11-19,ZG200_B013,Site_02,Low Duty,0,0,166.25504872165467,0.1740270904840303,82.59729095159697,0,0
2025-09-19,ZG250_B021,Site_03,High Duty,0,1,123.69814201108802,0.3531805219714292,64.68194780285708,1,1
2025-10-26,ZG200_B014,Site_02,Low Duty,0,1,130.6666447134247,0.3588290174956581,64.1170982504342,1,1
2025-12-26,ZG150_B004,Site_01,Medium Duty,0,0,128.29604074762756,0.3397026881392606,66.02973118607393,0,0
2025-07-30,ZG250_B021,Site_03,High Duty,0,1,74.24668142508767,0.6117629663311838,38.82370336688162,1,1
2025-07-09,ZG250_B021,Site_03,High Duty,0,1,97.72044211352149,0.4890183123775347,51.09816876224653,1,1
2025-12-06,ZG150_B003,Site_01,Medium Duty,0,0,91.2317619373832,0.4247582786572054,57.52417213427945,0,0
2025-01-28,ZG150_B003,Site_01,Medium Duty,0,1,134.36818399001746,0.1527710984561087,84.72289015438912,1,0
2025-09-28,ZG200_B014,Site_02,Low Duty,0,1,156.4406499359302,0.2323579943219219,76.76420056780782,1,1
2025-03-12,ZG250_B022,Site_03,Medium Duty,0,1,141.9982783510583,0.318546802809939,68.1453197190061,1,1
2025-05-24,ZG150_B002,Site_01,High Duty,0,1,124.66069386500226,0.2917521243495707,70.82478756504293,1,1
2025-07-14,ZG200_B014,Site_02,Low Duty,0,1,125.97435378061624,0.3818537212690145,61.81462787309855,1,1
2025-11-16,ZG250_B022,Site_03,Medium Duty,0,1,117.34475529174529,0.4368596605844045,56.314033941559536,1,1
2025-02-23,ZG150_B002,Site_01,High Duty,0,1,124.55608025543918,0.2923464766224484,70.76535233775516,1,1
2025-11-20,ZG250_B022,Site_03,Medium Duty,0,1,113.2810002275119,0.4563617201394704,54.36382798605296,1,1
2025-11-05,ZG200_B012,Site_02,Medium Duty,0,1,105.59888022043152,0.4646413622743705,53.53586377256296,1,1
2025-05-11,ZG250_B023,Site_03,Medium Duty,0,1,162.877442496425,0.1844147533559355,81.55852466440645,1,0
2025-12-12,ZG200_B014,Site_02,Low Duty,0,1,78.318860265805,0.6156954921787527,38.43045078212472,1,1
2025-09-24,ZG250_B023,Site_03,Medium Duty,0,1,127.95607692751616,0.3592784429751484,64.07215570248516,1,1
2025-12-26,ZG200_B012,Site_02,Medium Duty,0,0,156.22315229664403,0.2079895750773981,79.20104249226019,0,0
2025-07-02,ZG200_B014,Site_02,Low Duty,0,1,136.65606218375387,0.3294394154858876,67.05605845141123,1,1
2025-10-15,ZG250_B022,Site_03,Medium Duty,0,1,149.33301107198355,0.2833472417923611,71.66527582076388,1,1
2025-01-15,ZG250_B024,Site_03,Low Duty,0,0,199.6106879187376,0.0670466619887464,93.29533380112537,0,0
2025-05-04,ZG250_B024,Site_03,Low Duty,0,1,85.58702515489838,0.599977828635998,40.0022171364002,1,1
2025-01-14,ZG200_B013,Site_02,Low Duty,0,0,188.1890130439451,0.065056803760088,93.4943196239912,0,0
2025-02-05,ZG250_B022,Site_03,Medium Duty,0,0,175.34378933199767,0.1585208832440763,84.14791167559237,0,1
2025-01-26,ZG200_B012,Site_02,Medium Duty,0,0,173.9944579530638,0.1178937145250259,88.21062854749741,0,0
2025-05-01,ZG150_B003,Site_01,Medium Duty,0,1,127.02101753603228,0.199097033505826,80.0902966494174,1,0
2025-11-23,ZG150_B004,Site_01,Medium Duty,0,0,159.90498636777295,0.1770218937662649,82.29781062337351,0,0
2025-04-17,ZG150_B002,Site_01,High Duty,0,1,65.13177117841869,0.6299600367665252,37.00399632334748,1,1
2025-02-09,ZG200_B012,Site_02,Medium Duty,0,1,161.40192375764454,0.1817345614951881,81.82654385048119,1,1
2025-02-15,ZG200_B013,Site_02,Low Duty,0,1,156.57457177131766,0.2221207380072329,77.78792619927671,1,1
2025-03-22,ZG200_B011,Site_02,High Duty,0,1,117.35135629968576,0.4043807362510349,59.5619263748965,1,1
2025-03-03,ZG250_B021,Site_03,High Duty,0,1,130.67894145948543,0.3166778148003724,68.33221851996277,1,1
2025-04-09,ZG250_B022,Site_03,Medium Duty,0,1,113.22545689358353,0.4566282739521477,54.33717260478523,1,1
2025-05-09,ZG200_B014,Site_02,Low Duty,0,1,72.77032739164262,0.6429217080365693,35.70782919634306,1,1
2025-12-17,ZG200_B012,Site_02,Medium Duty,0,0,163.52038419109616,0.1709945224970392,82.90054775029608,0,0
2025-02-27,ZG250_B023,Site_03,Medium Duty,0,1,141.49512188374425,0.2914836326520876,70.85163673479123,1,1
2025-01-07,ZG250_B023,Site_03,Medium Duty,0,0,192.9018278867843,0.0340719840404723,96.59280159595276,0,0
2025-01-10,ZG250_B024,Site_03,Low Duty,0,0,204.23489166649088,0.0454337595580565,95.45662404419434,0,0
2025-06-09,ZG200_B012,Site_02,Medium Duty,0,1,145.84841516021413,0.2605867724011436,73.94132275988564,1,1
2025-12-03,ZG200_B013,Site_02,Low Duty,0,0,154.3822947257051,0.2330122054468852,76.69877945531147,0,0
2025-01-04,ZG250_B024,Site_03,Low Duty,0,0,210.15318391761195,0.0177724626175972,98.22275373824029,0,0
2025-05-27,ZG200_B013,Site_02,Low Duty,0,1,149.803953626609,0.2557578949610008,74.42421050389991,1,1
2025-06-20,ZG250_B024,Site_03,Low Duty,0,1,152.6572372822783,0.2865007351106461,71.3499264889354,1,1
2025-01-02,ZG250_B022,Site_03,Medium Duty,0,0,206.708358259781,0.0080015528513166,99.19984471486832,0,0
2025-05-23,ZG200_B011,Site_02,High Duty,0,1,150.12369062281684,0.2380440678359761,76.19559321640239,1,1
2025-05-29,ZG250_B024,Site_03,Low Duty,0,0,170.85989462341024,0.2014239784291719,79.85760215708281,0,0
2025-12-12,ZG250_B021,Site_03,High Duty,0,0,132.80394884401528,0.3055661186590896,69.44338813409104,0,0
2025-06-13,ZG150_B004,Site_01,Medium Duty,0,1,129.3029688488222,0.3345203620551399,66.54796379448601,1,1
2025-12-23,ZG200_B012,Site_02,Medium Duty,0,0,158.90033544360023,0.1944169584028212,80.55830415971788,0,0
2025-09-15,ZG150_B001,Site_01,High Duty,0,1,70.35302560189841,0.5770288613277741,42.29711386722259,1,1
